agent,condition,scenario,episode,seed,shock,buyer_type,severity,t_s,disruption_type,supplier_port,entry_port,invalid_actions,gated_turns,up_deal,first_bid_ratio,rho_up,rho_up_static,rho_up_agent,dn_deal,tau_true_close,tau_obs_close,qty_committed,shortfall,stockout,fill_rate_realized,rho_dn,rho_dn_deliverable,below_true_batna,below_static_tau,pareto_efficient,chain_impasse,avoidable_impasse,net_value,reward
Surplus,no-shock,0,0,900000,False,cooperative,0.0,-1,none,Kaohsiung,Los Angeles,0,4,True,0.6404,0.7132,0.7132,0.7132,True,0.4,0.4,100,0,False,1.0,0.5893,0.5893,False,False,True,False,False,0.6513,0.6513
Static-tau,no-shock,0,1,900000,False,cooperative,0.0,-1,none,Kaohsiung,Los Angeles,0,4,True,0.635,0.7132,0.7132,0.7132,True,0.4,0.4,100,0,False,1.0,0.7535,0.7535,False,False,True,False,False,0.7334,0.7334
Dyn-BATNA,no-shock,0,2,900000,False,cooperative,0.0,-1,none,Kaohsiung,Los Angeles,0,4,True,0.6291,0.7132,0.7132,0.7132,True,0.4,0.4,100,0,False,1.0,0.5893,0.5893,False,False,True,False,False,0.6513,0.6513
Dyn-tau-nohedge,no-shock,0,3,900000,False,cooperative,0.0,-1,none,Kaohsiung,Los Angeles,0,4,True,0.6296,0.7132,0.7132,0.7132,True,0.4,0.4,100,0,False,1.0,0.7535,0.7535,False,False,True,False,False,0.7334,0.7334
Surplus,no-shock,1,4,900001,False,competitive,0.0,-1,none,Chennai,Houston,0,5,True,0.6404,0.73,0.73,0.73,True,0.4,0.4,20,0,False,1.0,0.0187,0.0187,True,True,False,False,False,0.3743,0.3743
Static-tau,no-shock,1,5,900001,False,competitive,0.0,-1,none,Chennai,Houston,0,5,True,0.635,0.7371,0.7371,0.7371,False,0.4,0.4,0,0,False,1.0,,,False,False,,True,True,0.5685,0.3685
Dyn-BATNA,no-shock,1,6,900001,False,competitive,0.0,-1,none,Chennai,Houston,0,5,True,0.6291,0.7548,0.7548,0.7548,False,0.4,0.4,0,0,False,1.0,,,False,False,,True,True,0.5774,0.3774
Dyn-tau-nohedge,no-shock,1,7,900001,False,competitive,0.0,-1,none,Chennai,Houston,0,5,True,0.6296,0.7539,0.7539,0.7539,False,0.4,0.4,0,0,False,1.0,,,False,False,,True,True,0.577,0.377
Surplus,no-shock,2,8,900002,False,cooperative,0.0,-1,none,Busan,Los Angeles,0,0,True,0.6404,0.7505,0.7505,0.7505,True,0.4,0.4,20,0,False,1.0,0.5778,0.5778,False,False,False,False,False,0.6641,0.6641
Static-tau,no-shock,2,9,900002,False,cooperative,0.0,-1,none,Busan,Los Angeles,0,0,True,0.635,0.7578,0.7578,0.7578,True,0.4,0.4,120,0,False,1.0,0.9292,0.9292,False,False,False,False,False,0.8435,0.8435
Dyn-BATNA,no-shock,2,10,900002,False,cooperative,0.0,-1,none,Busan,Los Angeles,0,0,True,0.6291,0.776,0.776,0.776,True,0.4,0.4,20,0,False,1.0,0.5778,0.5778,False,False,False,False,False,0.6769,0.6769
Dyn-tau-nohedge,no-shock,2,11,900002,False,cooperative,0.0,-1,none,Busan,Los Angeles,0,0,True,0.6296,0.7751,0.7751,0.7751,True,0.4,0.4,120,0,False,1.0,0.9292,0.9292,False,False,False,False,False,0.8522,0.8522
Surplus,no-shock,3,12,900003,False,competitive,0.0,-1,none,Shenzhen,Los Angeles,0,5,True,0.6404,0.681,0.681,0.681,True,0.4,0.4,20,0,False,1.0,0.0544,0.0544,True,True,False,False,False,0.3677,0.3677
Static-tau,no-shock,3,13,900003,False,competitive,0.0,-1,none,Shenzhen,Los Angeles,0,5,True,0.635,0.681,0.681,0.681,True,0.4,0.4,100,0,False,1.0,0.4456,0.4456,False,False,True,False,False,0.5633,0.5633
Dyn-BATNA,no-shock,3,14,900003,False,competitive,0.0,-1,none,Shenzhen,Los Angeles,0,5,True,0.6291,0.681,0.681,0.681,True,0.4,0.4,100,0,False,1.0,0.4456,0.4456,False,False,True,False,False,0.5633,0.5633
Dyn-tau-nohedge,no-shock,3,15,900003,False,competitive,0.0,-1,none,Shenzhen,Los Angeles,0,5,True,0.6296,0.681,0.681,0.681,True,0.4,0.4,100,0,False,1.0,0.4456,0.4456,False,False,True,False,False,0.5633,0.5633
Surplus,no-shock,4,16,900004,False,cooperative,0.0,-1,none,Kaohsiung,Houston,0,4,True,0.6404,0.6859,0.6859,0.6859,True,0.4,0.4,100,0,False,1.0,0.6948,0.6948,False,False,True,False,False,0.6903,0.6903
Static-tau,no-shock,4,17,900004,False,cooperative,0.0,-1,none,Kaohsiung,Houston,0,4,True,0.635,0.6859,0.6859,0.6859,True,0.4,0.4,100,0,False,1.0,0.6948,0.6948,False,False,True,False,False,0.6903,0.6903
Dyn-BATNA,no-shock,4,18,900004,False,cooperative,0.0,-1,none,Kaohsiung,Houston,0,4,True,0.6291,0.6859,0.6859,0.6859,True,0.4,0.4,100,0,False,1.0,0.6948,0.6948,False,False,True,False,False,0.6903,0.6903
Dyn-tau-nohedge,no-shock,4,19,900004,False,cooperative,0.0,-1,none,Kaohsiung,Houston,0,4,True,0.6296,0.6859,0.6859,0.6859,True,0.4,0.4,100,0,False,1.0,0.6948,0.6948,False,False,True,False,False,0.6903,0.6903
Surplus,no-shock,5,20,900005,False,competitive,0.0,-1,none,Shanghai,Houston,0,5,True,0.6404,0.7494,0.7494,0.7494,True,0.4,0.4,20,0,False,1.0,0.035,0.035,True,True,False,False,False,0.3922,0.3922
Static-tau,no-shock,5,21,900005,False,competitive,0.0,-1,none,Shanghai,Houston,0,5,True,0.635,0.7494,0.7494,0.7494,False,0.4,0.4,0,0,False,1.0,,,False,False,,True,False,0.5747,0.3747
Dyn-BATNA,no-shock,5,22,900005,False,competitive,0.0,-1,none,Shanghai,Houston,0,5,True,0.6291,0.7494,0.7494,0.7494,False,0.4,0.4,0,0,False,1.0,,,False,False,,True,False,0.5747,0.3747
Dyn-tau-nohedge,no-shock,5,23,900005,False,competitive,0.0,-1,none,Shanghai,Houston,0,5,True,0.6296,0.7494,0.7494,0.7494,False,0.4,0.4,0,0,False,1.0,,,False,False,,True,False,0.5747,0.3747
Surplus,no-shock,6,24,900006,False,competitive,0.0,-1,none,Manzanillo,Houston,0,5,True,0.6404,0.841,0.841,0.841,True,0.4,0.4,20,0,False,1.0,0.0421,0.0421,True,True,False,False,False,0.4416,0.4416
Static-tau,no-shock,6,25,900006,False,competitive,0.0,-1,none,Manzanillo,Houston,0,5,True,0.635,0.841,0.841,0.841,True,0.4,0.4,100,0,False,1.0,0.4227,0.4227,False,False,True,False,False,0.6318,0.6318
Dyn-BATNA,no-shock,6,26,900006,False,competitive,0.0,-1,none,Manzanillo,Houston,0,5,True,0.6291,0.841,0.841,0.841,True,0.4,0.4,100,0,False,1.0,0.4227,0.4227,False,False,True,False,False,0.6318,0.6318
Dyn-tau-nohedge,no-shock,6,27,900006,False,competitive,0.0,-1,none,Manzanillo,Houston,0,5,True,0.6296,0.841,0.841,0.841,True,0.4,0.4,100,0,False,1.0,0.4227,0.4227,False,False,True,False,False,0.6318,0.6318
Surplus,no-shock,7,28,900007,False,cooperative,0.0,-1,none,Manzanillo,Houston,0,0,True,0.6404,0.7892,0.7892,0.7892,True,0.4,0.4,120,0,False,1.0,0.9,0.9,False,False,True,False,False,0.8446,0.8446
Static-tau,no-shock,7,29,900007,False,cooperative,0.0,-1,none,Manzanillo,Houston,0,0,True,0.635,0.7969,0.7969,0.7969,True,0.4,0.4,120,0,False,1.0,0.9,0.9,False,False,True,False,False,0.8485,0.8485
Dyn-BATNA,no-shock,7,30,900007,False,cooperative,0.0,-1,none,Manzanillo,Houston,0,0,True,0.6291,0.8161,0.8161,0.8161,True,0.4,0.4,100,0,False,1.0,0.507,0.507,False,False,False,False,False,0.6615,0.6615
Dyn-tau-nohedge,no-shock,7,31,900007,False,cooperative,0.0,-1,none,Manzanillo,Houston,0,0,True,0.6296,0.8151,0.8151,0.8151,True,0.4,0.4,120,0,False,1.0,0.9,0.9,False,False,True,False,False,0.8576,0.8576
Surplus,no-shock,8,32,900008,False,cooperative,0.0,-1,none,Kaohsiung,Oakland,0,0,True,0.6404,0.5928,0.5928,0.5928,True,0.4,0.4,120,0,False,1.0,0.9075,0.9075,False,False,True,False,False,0.7502,0.7502
Static-tau,no-shock,8,33,900008,False,cooperative,0.0,-1,none,Kaohsiung,Oakland,0,0,True,0.635,0.5928,0.5928,0.5928,True,0.4,0.4,120,0,False,1.0,0.9075,0.9075,False,False,True,False,False,0.7502,0.7502
Dyn-BATNA,no-shock,8,34,900008,False,cooperative,0.0,-1,none,Kaohsiung,Oakland,0,0,True,0.6291,0.596,0.596,0.596,True,0.4,0.4,120,0,False,1.0,0.9538,0.9538,False,False,True,False,False,0.7749,0.7749
Dyn-tau-nohedge,no-shock,8,35,900008,False,cooperative,0.0,-1,none,Kaohsiung,Oakland,0,0,True,0.6296,0.5953,0.5953,0.5953,True,0.4,0.4,120,0,False,1.0,0.9538,0.9538,False,False,True,False,False,0.7745,0.7745
Surplus,no-shock,9,36,900009,False,competitive,0.0,-1,none,Shanghai,Los Angeles,0,0,True,0.6404,0.6424,0.6424,0.6424,True,0.4,0.4,120,0,False,1.0,0.6242,0.6242,False,False,True,False,False,0.6333,0.6333
Static-tau,no-shock,9,37,900009,False,competitive,0.0,-1,none,Shanghai,Los Angeles,0,0,True,0.635,0.6424,0.6424,0.6424,True,0.4,0.4,120,0,False,1.0,0.4196,0.4196,False,False,True,False,False,0.531,0.531
Dyn-BATNA,no-shock,9,38,900009,False,competitive,0.0,-1,none,Shanghai,Los Angeles,0,0,True,0.6291,0.6483,0.6483,0.6483,True,0.4,0.4,120,0,False,1.0,0.4196,0.4196,False,False,True,False,False,0.534,0.534
Dyn-tau-nohedge,no-shock,9,39,900009,False,competitive,0.0,-1,none,Shanghai,Los Angeles,0,0,True,0.6296,0.6476,0.6476,0.6476,True,0.4,0.4,120,0,False,1.0,0.4196,0.4196,False,False,True,False,False,0.5336,0.5336
Surplus,no-shock,10,40,900010,False,cooperative,0.0,-1,none,Busan,Los Angeles,0,5,True,0.6404,0.5901,0.5901,0.5901,True,0.4,0.4,100,0,False,1.0,0.122,0.122,True,True,True,False,False,0.3561,0.3561
Static-tau,no-shock,10,41,900010,False,cooperative,0.0,-1,none,Busan,Los Angeles,0,5,True,0.635,0.5959,0.5959,0.5959,True,0.4,0.4,100,0,False,1.0,0.5061,0.5061,False,False,False,False,False,0.551,0.551
Dyn-BATNA,no-shock,10,42,900010,False,cooperative,0.0,-1,none,Busan,Los Angeles,0,5,True,0.6291,0.6102,0.6102,0.6102,True,0.4,0.4,100,0,False,1.0,0.5061,0.5061,False,False,False,False,False,0.5582,0.5582
Dyn-tau-nohedge,no-shock,10,43,900010,False,cooperative,0.0,-1,none,Busan,Los Angeles,0,5,True,0.6296,0.6095,0.6095,0.6095,True,0.4,0.4,100,0,False,1.0,0.5061,0.5061,False,False,False,False,False,0.5578,0.5578
Surplus,no-shock,11,44,900011,False,cooperative,0.0,-1,none,Shanghai,Oakland,0,0,True,0.6404,0.6684,0.6684,0.6684,True,0.4,0.4,120,0,False,1.0,0.9045,0.9045,False,False,True,False,False,0.7864,0.7864
Static-tau,no-shock,11,45,900011,False,cooperative,0.0,-1,none,Shanghai,Oakland,0,0,True,0.635,0.6684,0.6684,0.6684,True,0.4,0.4,120,0,False,1.0,0.9045,0.9045,False,False,True,False,False,0.7864,0.7864
Dyn-BATNA,no-shock,11,46,900011,False,cooperative,0.0,-1,none,Shanghai,Oakland,0,0,True,0.6291,0.6684,0.6684,0.6684,True,0.4,0.4,120,0,False,1.0,0.9045,0.9045,False,False,True,False,False,0.7864,0.7864
Dyn-tau-nohedge,no-shock,11,47,900011,False,cooperative,0.0,-1,none,Shanghai,Oakland,0,0,True,0.6296,0.6684,0.6684,0.6684,True,0.4,0.4,120,0,False,1.0,0.9045,0.9045,False,False,True,False,False,0.7864,0.7864
Surplus,no-shock,12,48,900012,False,cooperative,0.0,-1,none,Shenzhen,Houston,0,0,True,0.6404,0.8696,0.8696,0.8696,True,0.4,0.4,120,0,False,1.0,0.6032,0.6032,False,False,False,False,False,0.7364,0.7364
Static-tau,no-shock,12,49,900012,False,cooperative,0.0,-1,none,Shenzhen,Houston,0,0,True,0.635,0.8696,0.8696,0.8696,True,0.4,0.4,120,0,False,1.0,0.6032,0.6032,False,False,False,False,False,0.7364,0.7364
Dyn-BATNA,no-shock,12,50,900012,False,cooperative,0.0,-1,none,Shenzhen,Houston,0,0,True,0.6291,0.8696,0.8696,0.8696,True,0.4,0.4,100,0,False,1.0,0.4103,0.4103,False,False,False,False,False,0.6399,0.6399
Dyn-tau-nohedge,no-shock,12,51,900012,False,cooperative,0.0,-1,none,Shenzhen,Houston,0,0,True,0.6296,0.8696,0.8696,0.8696,True,0.4,0.4,120,0,False,1.0,0.6032,0.6032,False,False,False,False,False,0.7364,0.7364
Surplus,no-shock,13,52,900013,False,cooperative,0.0,-1,none,Shanghai,Houston,0,0,True,0.6404,0.8213,0.8213,0.8213,True,0.4,0.4,120,0,False,1.0,0.7354,0.7354,False,False,False,False,False,0.7784,0.7784
Static-tau,no-shock,13,53,900013,False,cooperative,0.0,-1,none,Shanghai,Houston,0,0,True,0.635,0.8213,0.8213,0.8213,True,0.4,0.4,120,0,False,1.0,0.7354,0.7354,False,False,False,False,False,0.7784,0.7784
Dyn-BATNA,no-shock,13,54,900013,False,cooperative,0.0,-1,none,Shanghai,Houston,0,0,True,0.6291,0.8213,0.8213,0.8213,True,0.4,0.4,120,0,False,1.0,0.7354,0.7354,False,False,False,False,False,0.7784,0.7784
Dyn-tau-nohedge,no-shock,13,55,900013,False,cooperative,0.0,-1,none,Shanghai,Houston,0,0,True,0.6296,0.8213,0.8213,0.8213,True,0.4,0.4,120,0,False,1.0,0.7354,0.7354,False,False,False,False,False,0.7784,0.7784
Surplus,no-shock,14,56,900014,False,competitive,0.0,-1,none,Chennai,Los Angeles,0,0,True,0.6404,0.6536,0.6536,0.6536,True,0.4,0.4,120,0,False,1.0,0.5693,0.5693,False,False,True,False,False,0.6114,0.6114
Static-tau,no-shock,14,57,900014,False,competitive,0.0,-1,none,Chennai,Los Angeles,0,0,True,0.635,0.6536,0.6536,0.6536,True,0.4,0.4,120,0,False,1.0,0.4199,0.4199,False,False,True,False,False,0.5367,0.5367
Dyn-BATNA,no-shock,14,58,900014,False,competitive,0.0,-1,none,Chennai,Los Angeles,0,0,True,0.6291,0.6536,0.6536,0.6536,True,0.4,0.4,100,0,False,1.0,0.5985,0.5985,False,False,False,False,False,0.626,0.626
Dyn-tau-nohedge,no-shock,14,59,900014,False,competitive,0.0,-1,none,Chennai,Los Angeles,0,0,True,0.6296,0.6536,0.6536,0.6536,True,0.4,0.4,120,0,False,1.0,0.6584,0.6584,False,False,True,False,False,0.656,0.656
Surplus,no-shock,15,60,900015,False,competitive,0.0,-1,none,Kaohsiung,Houston,0,0,False,0.6404,,,,False,0.4,0.4,0,0,False,1.0,,,False,False,,True,True,0.2,0.0
Static-tau,no-shock,15,61,900015,False,competitive,0.0,-1,none,Kaohsiung,Houston,0,0,False,0.635,,,,False,0.4,0.4,0,0,False,1.0,,,False,False,,True,True,0.2,0.0
Dyn-BATNA,no-shock,15,62,900015,False,competitive,0.0,-1,none,Kaohsiung,Houston,0,0,False,0.6291,,,,False,0.4,0.4,0,0,False,1.0,,,False,False,,True,True,0.2,0.0
Dyn-tau-nohedge,no-shock,15,63,900015,False,competitive,0.0,-1,none,Kaohsiung,Houston,0,0,False,0.6296,,,,False,0.4,0.4,0,0,False,1.0,,,False,False,,True,True,0.2,0.0
Surplus,no-shock,16,64,900016,False,competitive,0.0,-1,none,Chennai,Houston,0,5,True,0.6404,0.8917,0.8917,0.8917,True,0.4,0.4,20,0,False,1.0,0.0645,0.0645,True,True,False,False,False,0.4781,0.4781
Static-tau,no-shock,16,65,900016,False,competitive,0.0,-1,none,Chennai,Houston,0,5,True,0.635,0.9004,0.9004,0.9004,True,0.4,0.4,100,0,False,1.0,0.4582,0.4582,False,False,False,False,False,0.6793,0.6793
Dyn-BATNA,no-shock,16,66,900016,False,competitive,0.0,-1,none,Chennai,Houston,0,5,True,0.6291,0.9064,0.9064,0.9064,True,0.4,0.4,100,0,False,1.0,0.4582,0.4582,False,False,False,False,False,0.6823,0.6823
Dyn-tau-nohedge,no-shock,16,67,900016,False,competitive,0.0,-1,none,Chennai,Houston,0,5,True,0.6296,0.9064,0.9064,0.9064,True,0.4,0.4,100,0,False,1.0,0.4582,0.4582,False,False,False,False,False,0.6823,0.6823
Surplus,no-shock,17,68,900017,False,competitive,0.0,-1,none,Manzanillo,Houston,0,0,True,0.6404,0.7768,0.7768,0.7768,True,0.4,0.4,20,0,False,1.0,0.0808,0.0808,True,True,False,False,False,0.4288,0.4288
Static-tau,no-shock,17,69,900017,False,competitive,0.0,-1,none,Manzanillo,Houston,0,0,True,0.635,0.7844,0.7844,0.7844,True,0.4,0.4,120,0,False,1.0,0.4848,0.4848,False,False,True,False,False,0.6346,0.6346
Dyn-BATNA,no-shock,17,70,900017,False,competitive,0.0,-1,none,Manzanillo,Houston,0,0,True,0.6291,0.7954,0.7954,0.7954,True,0.4,0.4,120,0,False,1.0,0.4848,0.4848,False,False,True,False,False,0.6401,0.6401
Dyn-tau-nohedge,no-shock,17,71,900017,False,competitive,0.0,-1,none,Manzanillo,Houston,0,0,True,0.6296,0.7954,0.7954,0.7954,True,0.4,0.4,120,0,False,1.0,0.4848,0.4848,False,False,True,False,False,0.6401,0.6401
Surplus,no-shock,18,72,900018,False,cooperative,0.0,-1,none,Busan,Oakland,0,5,True,0.6404,0.7666,0.7666,0.7666,True,0.4,0.4,100,0,False,1.0,0.092,0.092,True,True,True,False,False,0.4293,0.4293
Static-tau,no-shock,18,73,900018,False,cooperative,0.0,-1,none,Busan,Oakland,0,5,True,0.635,0.7666,0.7666,0.7666,True,0.4,0.4,100,0,False,1.0,0.4332,0.4332,False,False,True,False,False,0.5999,0.5999
Dyn-BATNA,no-shock,18,74,900018,False,cooperative,0.0,-1,none,Busan,Oakland,0,5,True,0.6291,0.7666,0.7666,0.7666,True,0.4,0.4,100,0,False,1.0,0.4332,0.4332,False,False,True,False,False,0.5999,0.5999
Dyn-tau-nohedge,no-shock,18,75,900018,False,cooperative,0.0,-1,none,Busan,Oakland,0,5,True,0.6296,0.7666,0.7666,0.7666,True,0.4,0.4,100,0,False,1.0,0.4332,0.4332,False,False,True,False,False,0.5999,0.5999
Surplus,no-shock,19,76,900019,False,competitive,0.0,-1,none,Manzanillo,Los Angeles,0,5,True,0.6404,0.7907,0.7907,0.7907,True,0.4,0.4,20,0,False,1.0,0.0527,0.0527,True,True,False,False,False,0.4217,0.4217
Static-tau,no-shock,19,77,900019,False,competitive,0.0,-1,none,Manzanillo,Los Angeles,0,5,True,0.635,0.7984,0.7984,0.7984,True,0.4,0.4,100,0,False,1.0,0.4636,0.4636,False,False,True,False,False,0.631,0.631
Dyn-BATNA,no-shock,19,78,900019,False,competitive,0.0,-1,none,Manzanillo,Los Angeles,0,5,True,0.6291,0.8176,0.8176,0.8176,True,0.4,0.4,100,0,False,1.0,0.4636,0.4636,False,False,True,False,False,0.6406,0.6406
Dyn-tau-nohedge,no-shock,19,79,900019,False,competitive,0.0,-1,none,Manzanillo,Los Angeles,0,5,True,0.6296,0.8166,0.8166,0.8166,True,0.4,0.4,100,0,False,1.0,0.4636,0.4636,False,False,True,False,False,0.6401,0.6401
Surplus,no-shock,20,80,900020,False,cooperative,0.0,-1,none,Shanghai,Houston,0,0,True,0.6404,0.7516,0.7516,0.7516,True,0.4,0.4,120,0,False,1.0,0.466,0.466,False,False,True,False,False,0.6088,0.6088
Static-tau,no-shock,20,81,900020,False,cooperative,0.0,-1,none,Shanghai,Houston,0,0,True,0.635,0.7589,0.7589,0.7589,True,0.4,0.4,120,0,False,1.0,0.466,0.466,False,False,True,False,False,0.6124,0.6124
Dyn-BATNA,no-shock,20,82,900020,False,cooperative,0.0,-1,none,Shanghai,Houston,0,0,True,0.6291,0.7771,0.7771,0.7771,True,0.4,0.4,120,0,False,1.0,0.466,0.466,False,False,True,False,False,0.6215,0.6215
Dyn-tau-nohedge,no-shock,20,83,900020,False,cooperative,0.0,-1,none,Shanghai,Houston,0,0,True,0.6296,0.7762,0.7762,0.7762,True,0.4,0.4,120,0,False,1.0,0.466,0.466,False,False,True,False,False,0.6211,0.6211
Surplus,no-shock,21,84,900021,False,cooperative,0.0,-1,none,Manzanillo,Houston,0,0,True,0.6404,0.7446,0.7446,0.7446,True,0.4,0.4,120,0,False,1.0,0.8286,0.8286,False,False,False,False,False,0.7866,0.7866
Static-tau,no-shock,21,85,900021,False,cooperative,0.0,-1,none,Manzanillo,Houston,0,0,True,0.635,0.7446,0.7446,0.7446,True,0.4,0.4,120,0,False,1.0,0.8286,0.8286,False,False,False,False,False,0.7866,0.7866
Dyn-BATNA,no-shock,21,86,900021,False,cooperative,0.0,-1,none,Manzanillo,Houston,0,0,True,0.6291,0.7446,0.7446,0.7446,True,0.4,0.4,120,0,False,1.0,0.8286,0.8286,False,False,False,False,False,0.7866,0.7866
Dyn-tau-nohedge,no-shock,21,87,900021,False,cooperative,0.0,-1,none,Manzanillo,Houston,0,0,True,0.6296,0.7446,0.7446,0.7446,True,0.4,0.4,120,0,False,1.0,0.8286,0.8286,False,False,False,False,False,0.7866,0.7866
Surplus,no-shock,22,88,900022,False,competitive,0.0,-1,none,Kaohsiung,Oakland,0,0,True,0.6404,0.7839,0.7839,0.7839,True,0.4,0.4,20,0,False,1.0,0.0338,0.0338,True,True,False,False,False,0.4089,0.4089
Static-tau,no-shock,22,89,900022,False,competitive,0.0,-1,none,Kaohsiung,Oakland,0,0,True,0.635,0.7915,0.7915,0.7915,True,0.4,0.4,120,0,False,1.0,0.4471,0.4471,False,False,True,False,False,0.6193,0.6193
Dyn-BATNA,no-shock,22,90,900022,False,competitive,0.0,-1,none,Kaohsiung,Oakland,0,0,True,0.6291,0.8105,0.8105,0.8105,True,0.4,0.4,120,0,False,1.0,0.4471,0.4471,False,False,True,False,False,0.6288,0.6288
Dyn-tau-nohedge,no-shock,22,91,900022,False,competitive,0.0,-1,none,Kaohsiung,Oakland,0,0,True,0.6296,0.8096,0.8096,0.8096,True,0.4,0.4,120,0,False,1.0,0.4471,0.4471,False,False,True,False,False,0.6284,0.6284
Surplus,no-shock,23,92,900023,False,cooperative,0.0,-1,none,Chennai,Houston,0,0,True,0.6404,0.7294,0.7294,0.7294,True,0.4,0.4,120,0,False,1.0,0.8387,0.8387,False,False,False,False,False,0.784,0.784
Static-tau,no-shock,23,93,900023,False,cooperative,0.0,-1,none,Chennai,Houston,0,0,True,0.635,0.7365,0.7365,0.7365,True,0.4,0.4,120,0,False,1.0,0.8387,0.8387,False,False,False,False,False,0.7876,0.7876
Dyn-BATNA,no-shock,23,94,900023,False,cooperative,0.0,-1,none,Chennai,Houston,0,0,True,0.6291,0.7542,0.7542,0.7542,True,0.4,0.4,120,0,False,1.0,0.8387,0.8387,False,False,False,False,False,0.7964,0.7964
Dyn-tau-nohedge,no-shock,23,95,900023,False,cooperative,0.0,-1,none,Chennai,Houston,0,0,True,0.6296,0.7533,0.7533,0.7533,True,0.4,0.4,120,0,False,1.0,0.8387,0.8387,False,False,False,False,False,0.796,0.796
Surplus,no-shock,24,96,900024,False,cooperative,0.0,-1,none,Ho Chi Minh City,Los Angeles,0,0,True,0.6404,0.617,0.617,0.617,True,0.4,0.4,120,0,False,1.0,0.7195,0.7195,False,False,False,False,False,0.6682,0.6682
Static-tau,no-shock,24,97,900024,False,cooperative,0.0,-1,none,Ho Chi Minh City,Los Angeles,0,0,True,0.635,0.623,0.623,0.623,True,0.4,0.4,120,0,False,1.0,0.7195,0.7195,False,False,False,False,False,0.6712,0.6712
Dyn-BATNA,no-shock,24,98,900024,False,cooperative,0.0,-1,none,Ho Chi Minh City,Los Angeles,0,0,True,0.6291,0.638,0.638,0.638,True,0.4,0.4,120,0,False,1.0,0.7195,0.7195,False,False,False,False,False,0.6787,0.6787
Dyn-tau-nohedge,no-shock,24,99,900024,False,cooperative,0.0,-1,none,Ho Chi Minh City,Los Angeles,0,0,True,0.6296,0.6373,0.6373,0.6373,True,0.4,0.4,120,0,False,1.0,0.7195,0.7195,False,False,False,False,False,0.6784,0.6784
Surplus,no-shock,25,100,900025,False,competitive,0.0,-1,none,Busan,Oakland,0,0,True,0.6404,0.5891,0.5891,0.5891,True,0.4,0.4,20,0,False,1.0,0.0817,0.0817,True,True,False,False,False,0.3354,0.3354
Static-tau,no-shock,25,101,900025,False,competitive,0.0,-1,none,Busan,Oakland,0,0,True,0.635,0.5948,0.5948,0.5948,True,0.4,0.4,120,0,False,1.0,0.4901,0.4901,False,False,True,False,False,0.5425,0.5425
Dyn-BATNA,no-shock,25,102,900025,False,competitive,0.0,-1,none,Busan,Oakland,0,0,True,0.6291,0.6091,0.6091,0.6091,True,0.4,0.4,120,0,False,1.0,0.4901,0.4901,False,False,True,False,False,0.5496,0.5496
Dyn-tau-nohedge,no-shock,25,103,900025,False,competitive,0.0,-1,none,Busan,Oakland,0,0,True,0.6296,0.6084,0.6084,0.6084,True,0.4,0.4,120,0,False,1.0,0.4901,0.4901,False,False,True,False,False,0.5493,0.5493
Surplus,no-shock,26,104,900026,False,cooperative,0.0,-1,none,Shanghai,Oakland,0,0,True,0.6404,0.7755,0.7755,0.7755,True,0.4,0.4,120,0,False,1.0,1.0,1.0,False,False,True,False,False,0.8877,0.8877
Static-tau,no-shock,26,105,900026,False,cooperative,0.0,-1,none,Shanghai,Oakland,0,0,True,0.635,0.7755,0.7755,0.7755,True,0.4,0.4,120,0,False,1.0,1.0,1.0,False,False,True,False,False,0.8877,0.8877
Dyn-BATNA,no-shock,26,106,900026,False,cooperative,0.0,-1,none,Shanghai,Oakland,0,0,True,0.6291,0.7755,0.7755,0.7755,True,0.4,0.4,120,0,False,1.0,1.0,1.0,False,False,True,False,False,0.8877,0.8877
Dyn-tau-nohedge,no-shock,26,107,900026,False,cooperative,0.0,-1,none,Shanghai,Oakland,0,0,True,0.6296,0.7755,0.7755,0.7755,True,0.4,0.4,120,0,False,1.0,1.0,1.0,False,False,True,False,False,0.8877,0.8877
Surplus,no-shock,27,108,900027,False,competitive,0.0,-1,none,Shanghai,Oakland,0,0,True,0.6404,0.7239,0.7239,0.7239,True,0.4,0.4,20,0,False,1.0,0.0528,0.0528,True,True,False,False,False,0.3884,0.3884
Static-tau,no-shock,27,109,900027,False,competitive,0.0,-1,none,Shanghai,Oakland,0,0,True,0.635,0.7309,0.7309,0.7309,True,0.4,0.4,120,0,False,1.0,0.4316,0.4316,False,False,True,False,False,0.5813,0.5813
Dyn-BATNA,no-shock,27,110,900027,False,competitive,0.0,-1,none,Shanghai,Oakland,0,0,True,0.6291,0.7485,0.7485,0.7485,False,0.4,0.4,0,0,False,1.0,,,False,False,,True,True,0.5742,0.3742
Dyn-tau-nohedge,no-shock,27,111,900027,False,competitive,0.0,-1,none,Shanghai,Oakland,0,0,True,0.6296,0.7476,0.7476,0.7476,True,0.4,0.4,120,0,False,1.0,0.4316,0.4316,False,False,True,False,False,0.5896,0.5896
Surplus,no-shock,28,112,900028,False,cooperative,0.0,-1,none,Chennai,Oakland,0,0,True,0.6404,0.6624,0.6624,0.6624,True,0.4,0.4,120,0,False,1.0,0.712,0.712,False,False,True,False,False,0.6872,0.6872
Static-tau,no-shock,28,113,900028,False,cooperative,0.0,-1,none,Chennai,Oakland,0,0,True,0.635,0.6688,0.6688,0.6688,True,0.4,0.4,120,0,False,1.0,0.712,0.712,False,False,True,False,False,0.6904,0.6904
Dyn-BATNA,no-shock,28,114,900028,False,cooperative,0.0,-1,none,Chennai,Oakland,0,0,True,0.6291,0.6849,0.6849,0.6849,True,0.4,0.4,100,0,False,1.0,0.4849,0.4849,False,False,False,False,False,0.5849,0.5849
Dyn-tau-nohedge,no-shock,28,115,900028,False,cooperative,0.0,-1,none,Chennai,Oakland,0,0,True,0.6296,0.6841,0.6841,0.6841,True,0.4,0.4,120,0,False,1.0,0.712,0.712,False,False,True,False,False,0.698,0.698
Surplus,no-shock,29,116,900029,False,competitive,0.0,-1,none,Busan,Los Angeles,0,5,True,0.6404,0.7516,0.7516,0.7516,True,0.4,0.4,20,0,False,1.0,0.0229,0.0229,True,True,False,False,False,0.3872,0.3872
Static-tau,no-shock,29,117,900029,False,competitive,0.0,-1,none,Busan,Los Angeles,0,5,True,0.635,0.7516,0.7516,0.7516,True,0.4,0.4,100,0,False,1.0,0.4666,0.4666,False,False,True,False,False,0.6091,0.6091
Dyn-BATNA,no-shock,29,118,900029,False,competitive,0.0,-1,none,Busan,Los Angeles,0,5,True,0.6291,0.7516,0.7516,0.7516,True,0.4,0.4,100,0,False,1.0,0.4666,0.4666,False,False,True,False,False,0.6091,0.6091
Dyn-tau-nohedge,no-shock,29,119,900029,False,competitive,0.0,-1,none,Busan,Los Angeles,0,5,True,0.6296,0.7516,0.7516,0.7516,True,0.4,0.4,100,0,False,1.0,0.4666,0.4666,False,False,True,False,False,0.6091,0.6091
Surplus,no-shock,30,120,900030,False,cooperative,0.0,-1,none,Shenzhen,Houston,0,0,True,0.6404,0.7357,0.7357,0.7357,True,0.4,0.4,120,0,False,1.0,0.8929,0.8929,False,False,False,False,False,0.8143,0.8143
Static-tau,no-shock,30,121,900030,False,cooperative,0.0,-1,none,Shenzhen,Houston,0,0,True,0.635,0.7357,0.7357,0.7357,True,0.4,0.4,120,0,False,1.0,0.8929,0.8929,False,False,False,False,False,0.8143,0.8143
Dyn-BATNA,no-shock,30,122,900030,False,cooperative,0.0,-1,none,Shenzhen,Houston,0,0,True,0.6291,0.7357,0.7357,0.7357,True,0.4,0.4,120,0,False,1.0,0.8929,0.8929,False,False,False,False,False,0.8143,0.8143
Dyn-tau-nohedge,no-shock,30,123,900030,False,cooperative,0.0,-1,none,Shenzhen,Houston,0,0,True,0.6296,0.7357,0.7357,0.7357,True,0.4,0.4,120,0,False,1.0,0.8929,0.8929,False,False,False,False,False,0.8143,0.8143
Surplus,no-shock,31,124,900031,False,cooperative,0.0,-1,none,Shanghai,Oakland,0,5,True,0.6404,0.7757,0.7757,0.7757,True,0.4,0.4,100,0,False,1.0,0.239,0.239,True,True,True,False,False,0.5073,0.5073
Static-tau,no-shock,31,125,900031,False,cooperative,0.0,-1,none,Shanghai,Oakland,0,5,True,0.635,0.7832,0.7832,0.7832,True,0.4,0.4,100,0,False,1.0,0.4939,0.4939,False,False,True,False,False,0.6386,0.6386
Dyn-BATNA,no-shock,31,126,900031,False,cooperative,0.0,-1,none,Shanghai,Oakland,0,5,True,0.6291,0.802,0.802,0.802,True,0.4,0.4,100,0,False,1.0,0.4939,0.4939,False,False,True,False,False,0.648,0.648
Dyn-tau-nohedge,no-shock,31,127,900031,False,cooperative,0.0,-1,none,Shanghai,Oakland,0,5,True,0.6296,0.8011,0.8011,0.8011,True,0.4,0.4,100,0,False,1.0,0.4939,0.4939,False,False,True,False,False,0.6475,0.6475
Surplus,no-shock,32,128,900032,False,cooperative,0.0,-1,none,Manzanillo,Oakland,0,0,True,0.6404,0.7029,0.7029,0.7029,True,0.4,0.4,120,0,False,1.0,0.7269,0.7269,False,False,True,False,False,0.7149,0.7149
Static-tau,no-shock,32,129,900032,False,cooperative,0.0,-1,none,Manzanillo,Oakland,0,0,True,0.635,0.7098,0.7098,0.7098,True,0.4,0.4,120,0,False,1.0,0.7269,0.7269,False,False,True,False,False,0.7184,0.7184
Dyn-BATNA,no-shock,32,130,900032,False,cooperative,0.0,-1,none,Manzanillo,Oakland,0,0,True,0.6291,0.7268,0.7268,0.7268,True,0.4,0.4,100,0,False,1.0,0.42,0.42,False,False,False,False,False,0.5734,0.5734
Dyn-tau-nohedge,no-shock,32,131,900032,False,cooperative,0.0,-1,none,Manzanillo,Oakland,0,0,True,0.6296,0.726,0.726,0.726,True,0.4,0.4,120,0,False,1.0,0.7269,0.7269,False,False,True,False,False,0.7265,0.7265
Surplus,no-shock,33,132,900033,False,cooperative,0.0,-1,none,Busan,Oakland,0,5,True,0.6404,0.6754,0.6754,0.6754,True,0.4,0.4,100,0,False,1.0,0.22,0.22,True,True,True,False,False,0.4477,0.4477
Static-tau,no-shock,33,133,900033,False,cooperative,0.0,-1,none,Busan,Oakland,0,5,True,0.635,0.682,0.682,0.682,True,0.4,0.4,100,0,False,1.0,0.4554,0.4554,False,False,False,False,False,0.5687,0.5687
Dyn-BATNA,no-shock,33,134,900033,False,cooperative,0.0,-1,none,Busan,Oakland,0,5,True,0.6291,0.6984,0.6984,0.6984,True,0.4,0.4,100,0,False,1.0,0.4554,0.4554,False,False,False,False,False,0.5769,0.5769
Dyn-tau-nohedge,no-shock,33,135,900033,False,cooperative,0.0,-1,none,Busan,Oakland,0,5,True,0.6296,0.6976,0.6976,0.6976,True,0.4,0.4,100,0,False,1.0,0.4554,0.4554,False,False,False,False,False,0.5765,0.5765
Surplus,no-shock,34,136,900034,False,competitive,0.0,-1,none,Manzanillo,Oakland,0,5,True,0.6404,0.8496,0.8496,0.8496,True,0.4,0.4,20,0,False,1.0,0.0723,0.0723,True,True,False,False,False,0.461,0.461
Static-tau,no-shock,34,137,900034,False,competitive,0.0,-1,none,Manzanillo,Oakland,0,5,True,0.635,0.8579,0.8579,0.8579,True,0.4,0.4,100,0,False,1.0,0.4164,0.4164,False,False,False,False,False,0.6371,0.6371
Dyn-BATNA,no-shock,34,138,900034,False,competitive,0.0,-1,none,Manzanillo,Oakland,0,5,True,0.6291,0.8785,0.8785,0.8785,True,0.4,0.4,100,0,False,1.0,0.4164,0.4164,False,False,False,False,False,0.6474,0.6474
Dyn-tau-nohedge,no-shock,34,139,900034,False,competitive,0.0,-1,none,Manzanillo,Oakland,0,5,True,0.6296,0.8775,0.8775,0.8775,True,0.4,0.4,100,0,False,1.0,0.4164,0.4164,False,False,False,False,False,0.6469,0.6469
Surplus,no-shock,35,140,900035,False,cooperative,0.0,-1,none,Manzanillo,Houston,0,0,True,0.6404,0.765,0.765,0.765,True,0.4,0.4,120,0,False,1.0,0.8661,0.8661,False,False,True,False,False,0.8155,0.8155
Static-tau,no-shock,35,141,900035,False,cooperative,0.0,-1,none,Manzanillo,Houston,0,0,True,0.635,0.7724,0.7724,0.7724,True,0.4,0.4,120,0,False,1.0,0.8661,0.8661,False,False,True,False,False,0.8193,0.8193
Dyn-BATNA,no-shock,35,142,900035,False,cooperative,0.0,-1,none,Manzanillo,Houston,0,0,True,0.6291,0.791,0.791,0.791,True,0.4,0.4,120,0,False,1.0,0.8661,0.8661,False,False,True,False,False,0.8285,0.8285
Dyn-tau-nohedge,no-shock,35,143,900035,False,cooperative,0.0,-1,none,Manzanillo,Houston,0,0,True,0.6296,0.7901,0.7901,0.7901,True,0.4,0.4,120,0,False,1.0,0.8661,0.8661,False,False,True,False,False,0.8281,0.8281
Surplus,no-shock,36,144,900036,False,cooperative,0.0,-1,none,Busan,Los Angeles,0,5,True,0.6404,0.8826,0.8826,0.8826,True,0.4,0.4,100,0,False,1.0,0.3347,0.3347,True,True,True,False,False,0.6087,0.6087
Static-tau,no-shock,36,145,900036,False,cooperative,0.0,-1,none,Busan,Los Angeles,0,5,True,0.635,0.8826,0.8826,0.8826,True,0.4,0.4,100,0,False,1.0,0.4432,0.4432,False,False,False,False,False,0.6629,0.6629
Dyn-BATNA,no-shock,36,146,900036,False,cooperative,0.0,-1,none,Busan,Los Angeles,0,5,True,0.6291,0.8826,0.8826,0.8826,True,0.4,0.4,100,0,False,1.0,0.4432,0.4432,False,False,False,False,False,0.6629,0.6629
Dyn-tau-nohedge,no-shock,36,147,900036,False,cooperative,0.0,-1,none,Busan,Los Angeles,0,5,True,0.6296,0.8826,0.8826,0.8826,True,0.4,0.4,100,0,False,1.0,0.4432,0.4432,False,False,False,False,False,0.6629,0.6629
Surplus,no-shock,37,148,900037,False,cooperative,0.0,-1,none,Shenzhen,Los Angeles,0,4,True,0.6404,0.7509,0.7509,0.7509,True,0.4,0.4,100,0,False,1.0,0.6908,0.6908,False,False,True,False,False,0.7208,0.7208
Static-tau,no-shock,37,149,900037,False,cooperative,0.0,-1,none,Shenzhen,Los Angeles,0,4,True,0.635,0.7509,0.7509,0.7509,True,0.4,0.4,100,0,False,1.0,0.6908,0.6908,False,False,True,False,False,0.7208,0.7208
Dyn-BATNA,no-shock,37,150,900037,False,cooperative,0.0,-1,none,Shenzhen,Los Angeles,0,4,True,0.6291,0.7509,0.7509,0.7509,True,0.4,0.4,100,0,False,1.0,0.6908,0.6908,False,False,True,False,False,0.7208,0.7208
Dyn-tau-nohedge,no-shock,37,151,900037,False,cooperative,0.0,-1,none,Shenzhen,Los Angeles,0,4,True,0.6296,0.7509,0.7509,0.7509,True,0.4,0.4,100,0,False,1.0,0.6908,0.6908,False,False,True,False,False,0.7208,0.7208
Surplus,no-shock,38,152,900038,False,cooperative,0.0,-1,none,Chennai,Houston,0,0,True,0.6404,0.6127,0.6127,0.6127,True,0.4,0.4,120,0,False,1.0,0.8863,0.8863,False,False,False,False,False,0.7495,0.7495
Static-tau,no-shock,38,153,900038,False,cooperative,0.0,-1,none,Chennai,Houston,0,0,True,0.635,0.6187,0.6187,0.6187,True,0.4,0.4,120,0,False,1.0,0.8863,0.8863,False,False,False,False,False,0.7525,0.7525
Dyn-BATNA,no-shock,38,154,900038,False,cooperative,0.0,-1,none,Chennai,Houston,0,0,True,0.6291,0.6336,0.6336,0.6336,True,0.4,0.4,120,0,False,1.0,0.8863,0.8863,False,False,False,False,False,0.7599,0.7599
Dyn-tau-nohedge,no-shock,38,155,900038,False,cooperative,0.0,-1,none,Chennai,Houston,0,0,True,0.6296,0.6328,0.6328,0.6328,True,0.4,0.4,120,0,False,1.0,0.8863,0.8863,False,False,False,False,False,0.7596,0.7596
Surplus,no-shock,39,156,900039,False,competitive,0.0,-1,none,Shanghai,Oakland,0,0,True,0.6404,0.6795,0.6795,0.6795,True,0.4,0.4,20,0,False,1.0,0.0465,0.0465,True,True,False,False,False,0.363,0.363
Static-tau,no-shock,39,157,900039,False,competitive,0.0,-1,none,Shanghai,Oakland,0,0,True,0.635,0.6862,0.6862,0.6862,True,0.4,0.4,120,0,False,1.0,0.4186,0.4186,False,False,True,False,False,0.5524,0.5524
Dyn-BATNA,no-shock,39,158,900039,False,competitive,0.0,-1,none,Shanghai,Oakland,0,0,True,0.6291,0.7026,0.7026,0.7026,True,0.4,0.4,120,0,False,1.0,0.4186,0.4186,False,False,True,False,False,0.5606,0.5606
Dyn-tau-nohedge,no-shock,39,159,900039,False,competitive,0.0,-1,none,Shanghai,Oakland,0,0,True,0.6296,0.7018,0.7018,0.7018,True,0.4,0.4,120,0,False,1.0,0.4186,0.4186,False,False,True,False,False,0.5602,0.5602
Surplus,no-shock,40,160,900040,False,competitive,0.0,-1,none,Kaohsiung,Oakland,0,0,True,0.6404,0.8344,0.8344,0.8344,True,0.4,0.4,80,0,False,1.0,0.1236,0.1236,True,True,False,False,False,0.479,0.479
Static-tau,no-shock,40,161,900040,False,competitive,0.0,-1,none,Kaohsiung,Oakland,0,0,True,0.635,0.8344,0.8344,0.8344,True,0.4,0.4,120,0,False,1.0,0.5068,0.5068,False,False,True,False,False,0.6706,0.6706
Dyn-BATNA,no-shock,40,162,900040,False,competitive,0.0,-1,none,Kaohsiung,Oakland,0,0,True,0.6291,0.8344,0.8344,0.8344,False,0.4,0.4,0,0,False,1.0,,,False,False,,True,True,0.6172,0.4172
Dyn-tau-nohedge,no-shock,40,163,900040,False,competitive,0.0,-1,none,Kaohsiung,Oakland,0,0,True,0.6296,0.8344,0.8344,0.8344,True,0.4,0.4,120,0,False,1.0,0.5068,0.5068,False,False,True,False,False,0.6706,0.6706
Surplus,no-shock,41,164,900041,False,cooperative,0.0,-1,none,Shenzhen,Houston,0,0,True,0.6404,0.6586,0.6586,0.6586,True,0.4,0.4,120,0,False,1.0,0.7891,0.7891,False,False,False,False,False,0.7238,0.7238
Static-tau,no-shock,41,165,900041,False,cooperative,0.0,-1,none,Shenzhen,Houston,0,0,True,0.635,0.6586,0.6586,0.6586,True,0.4,0.4,120,0,False,1.0,0.7891,0.7891,False,False,False,False,False,0.7238,0.7238
Dyn-BATNA,no-shock,41,166,900041,False,cooperative,0.0,-1,none,Shenzhen,Houston,0,0,True,0.6291,0.6586,0.6586,0.6586,True,0.4,0.4,100,0,False,1.0,0.6016,0.6016,False,False,False,False,False,0.6301,0.6301
Dyn-tau-nohedge,no-shock,41,167,900041,False,cooperative,0.0,-1,none,Shenzhen,Houston,0,0,True,0.6296,0.6586,0.6586,0.6586,True,0.4,0.4,120,0,False,1.0,0.7891,0.7891,False,False,False,False,False,0.7238,0.7238
Surplus,no-shock,42,168,900042,False,competitive,0.0,-1,none,Kaohsiung,Los Angeles,0,0,True,0.6404,0.6337,0.6337,0.6337,True,0.4,0.4,120,0,False,1.0,0.6248,0.6248,False,False,True,False,False,0.6293,0.6293
Static-tau,no-shock,42,169,900042,False,competitive,0.0,-1,none,Kaohsiung,Los Angeles,0,0,True,0.635,0.6337,0.6337,0.6337,True,0.4,0.4,120,0,False,1.0,0.7204,0.7204,False,False,True,False,False,0.677,0.677
Dyn-BATNA,no-shock,42,170,900042,False,competitive,0.0,-1,none,Kaohsiung,Los Angeles,0,0,True,0.6291,0.6337,0.6337,0.6337,True,0.4,0.4,120,0,False,1.0,0.6248,0.6248,False,False,True,False,False,0.6293,0.6293
Dyn-tau-nohedge,no-shock,42,171,900042,False,competitive,0.0,-1,none,Kaohsiung,Los Angeles,0,0,True,0.6296,0.6337,0.6337,0.6337,True,0.4,0.4,120,0,False,1.0,0.6248,0.6248,False,False,True,False,False,0.6293,0.6293
Surplus,no-shock,43,172,900043,False,competitive,0.0,-1,none,Manzanillo,Los Angeles,0,5,True,0.6404,0.6363,0.6363,0.6363,True,0.4,0.4,80,0,False,1.0,0.1924,0.1924,True,True,False,False,False,0.4143,0.4143
Static-tau,no-shock,43,173,900043,False,competitive,0.0,-1,none,Manzanillo,Los Angeles,0,5,True,0.635,0.6425,0.6425,0.6425,True,0.4,0.4,100,0,False,1.0,0.4417,0.4417,False,False,True,False,False,0.5421,0.5421
Dyn-BATNA,no-shock,43,174,900043,False,competitive,0.0,-1,none,Manzanillo,Los Angeles,0,5,True,0.6291,0.6579,0.6579,0.6579,True,0.4,0.4,100,0,False,1.0,0.4417,0.4417,False,False,True,False,False,0.5498,0.5498
Dyn-tau-nohedge,no-shock,43,175,900043,False,competitive,0.0,-1,none,Manzanillo,Los Angeles,0,5,True,0.6296,0.6572,0.6572,0.6572,True,0.4,0.4,100,0,False,1.0,0.4417,0.4417,False,False,True,False,False,0.5494,0.5494
Surplus,no-shock,44,176,900044,False,cooperative,0.0,-1,none,Busan,Oakland,0,0,True,0.6404,0.8714,0.8714,0.8714,True,0.4,0.4,120,0,False,1.0,0.793,0.793,False,False,False,False,False,0.8322,0.8322
Static-tau,no-shock,44,177,900044,False,cooperative,0.0,-1,none,Busan,Oakland,0,0,True,0.635,0.8799,0.8799,0.8799,True,0.4,0.4,120,0,False,1.0,0.793,0.793,False,False,False,False,False,0.8364,0.8364
Dyn-BATNA,no-shock,44,178,900044,False,cooperative,0.0,-1,none,Busan,Oakland,0,0,True,0.6291,0.901,0.901,0.901,True,0.4,0.4,100,0,False,1.0,0.4304,0.4304,False,False,False,False,False,0.6657,0.6657
Dyn-tau-nohedge,no-shock,44,179,900044,False,cooperative,0.0,-1,none,Busan,Oakland,0,0,True,0.6296,0.9,0.9,0.9,True,0.4,0.4,120,0,False,1.0,0.793,0.793,False,False,False,False,False,0.8465,0.8465
Surplus,no-shock,45,180,900045,False,cooperative,0.0,-1,none,Kaohsiung,Los Angeles,0,0,True,0.6404,0.7809,0.7809,0.7809,True,0.4,0.4,120,0,False,1.0,0.7847,0.7847,False,False,True,False,False,0.7828,0.7828
Static-tau,no-shock,45,181,900045,False,cooperative,0.0,-1,none,Kaohsiung,Los Angeles,0,0,True,0.635,0.7809,0.7809,0.7809,True,0.4,0.4,120,0,False,1.0,0.7847,0.7847,False,False,True,False,False,0.7828,0.7828
Dyn-BATNA,no-shock,45,182,900045,False,cooperative,0.0,-1,none,Kaohsiung,Los Angeles,0,0,True,0.6291,0.7809,0.7809,0.7809,True,0.4,0.4,100,0,False,1.0,0.428,0.428,False,False,False,False,False,0.6045,0.6045
Dyn-tau-nohedge,no-shock,45,183,900045,False,cooperative,0.0,-1,none,Kaohsiung,Los Angeles,0,0,True,0.6296,0.7809,0.7809,0.7809,True,0.4,0.4,120,0,False,1.0,0.7847,0.7847,False,False,True,False,False,0.7828,0.7828
Surplus,no-shock,46,184,900046,False,competitive,0.0,-1,none,Busan,Los Angeles,0,0,True,0.6404,0.6689,0.6689,0.6689,True,0.4,0.4,20,0,False,1.0,0.0543,0.0543,True,True,False,False,False,0.3616,0.3616
Static-tau,no-shock,46,185,900046,False,competitive,0.0,-1,none,Busan,Los Angeles,0,0,True,0.635,0.6754,0.6754,0.6754,True,0.4,0.4,120,0,False,1.0,0.425,0.425,False,False,True,False,False,0.5502,0.5502
Dyn-BATNA,no-shock,46,186,900046,False,competitive,0.0,-1,none,Busan,Los Angeles,0,0,True,0.6291,0.6916,0.6916,0.6916,True,0.4,0.4,120,0,False,1.0,0.425,0.425,False,False,True,False,False,0.5583,0.5583
Dyn-tau-nohedge,no-shock,46,187,900046,False,competitive,0.0,-1,none,Busan,Los Angeles,0,0,True,0.6296,0.6909,0.6909,0.6909,True,0.4,0.4,120,0,False,1.0,0.425,0.425,False,False,True,False,False,0.5579,0.5579
Surplus,no-shock,47,188,900047,False,cooperative,0.0,-1,none,Shanghai,Oakland,0,0,True,0.6404,0.6455,0.6455,0.6455,True,0.4,0.4,120,0,False,1.0,0.7979,0.7979,False,False,False,False,False,0.7217,0.7217
Static-tau,no-shock,47,189,900047,False,cooperative,0.0,-1,none,Shanghai,Oakland,0,0,True,0.635,0.6455,0.6455,0.6455,True,0.4,0.4,120,0,False,1.0,0.7979,0.7979,False,False,False,False,False,0.7217,0.7217
Dyn-BATNA,no-shock,47,190,900047,False,cooperative,0.0,-1,none,Shanghai,Oakland,0,0,True,0.6291,0.6455,0.6455,0.6455,True,0.4,0.4,120,0,False,1.0,0.7979,0.7979,False,False,False,False,False,0.7217,0.7217
Dyn-tau-nohedge,no-shock,47,191,900047,False,cooperative,0.0,-1,none,Shanghai,Oakland,0,0,True,0.6296,0.6455,0.6455,0.6455,True,0.4,0.4,120,0,False,1.0,0.7979,0.7979,False,False,False,False,False,0.7217,0.7217
Surplus,no-shock,48,192,900048,False,competitive,0.0,-1,none,Ho Chi Minh City,Oakland,0,0,True,0.6404,0.7924,0.7924,0.7924,True,0.4,0.4,20,0,False,1.0,0.0862,0.0862,True,True,False,False,False,0.4393,0.4393
Static-tau,no-shock,48,193,900048,False,competitive,0.0,-1,none,Ho Chi Minh City,Oakland,0,0,True,0.635,0.7924,0.7924,0.7924,True,0.4,0.4,120,0,False,1.0,0.517,0.517,False,False,True,False,False,0.6547,0.6547
Dyn-BATNA,no-shock,48,194,900048,False,competitive,0.0,-1,none,Ho Chi Minh City,Oakland,0,0,True,0.6291,0.7924,0.7924,0.7924,True,0.4,0.4,120,0,False,1.0,0.517,0.517,False,False,True,False,False,0.6547,0.6547
Dyn-tau-nohedge,no-shock,48,195,900048,False,competitive,0.0,-1,none,Ho Chi Minh City,Oakland,0,0,True,0.6296,0.7924,0.7924,0.7924,True,0.4,0.4,120,0,False,1.0,0.517,0.517,False,False,True,False,False,0.6547,0.6547
Surplus,no-shock,49,196,900049,False,cooperative,0.0,-1,none,Busan,Oakland,0,5,True,0.6404,0.7183,0.7183,0.7183,True,0.4,0.4,100,0,False,1.0,0.1993,0.1993,True,True,True,False,False,0.4588,0.4588
Static-tau,no-shock,49,197,900049,False,cooperative,0.0,-1,none,Busan,Oakland,0,5,True,0.635,0.7253,0.7253,0.7253,True,0.4,0.4,100,0,False,1.0,0.4106,0.4106,False,False,True,False,False,0.568,0.568
Dyn-BATNA,no-shock,49,198,900049,False,cooperative,0.0,-1,none,Busan,Oakland,0,5,True,0.6291,0.7427,0.7427,0.7427,True,0.4,0.4,100,0,False,1.0,0.4106,0.4106,False,False,True,False,False,0.5767,0.5767
Dyn-tau-nohedge,no-shock,49,199,900049,False,cooperative,0.0,-1,none,Busan,Oakland,0,5,True,0.6296,0.7418,0.7418,0.7418,True,0.4,0.4,100,0,False,1.0,0.4106,0.4106,False,False,True,False,False,0.5762,0.5762
Surplus,shock,0,200,900000,True,cooperative,0.3695,2,earthquake,Kaohsiung,Los Angeles,0,5,True,0.6404,0.9076,0.4058,0.9079,True,0.1823,0.1812,100,1,True,0.8105,0.0966,0.0985,True,True,False,False,False,0.4921,0.2512
Static-tau,shock,0,201,900000,True,cooperative,0.3695,2,earthquake,Kaohsiung,Los Angeles,0,5,True,0.635,0.9076,0.4058,0.9079,True,0.1823,0.1812,100,1,True,0.8105,0.425,0.4334,False,False,False,False,False,0.6563,0.4154
Dyn-BATNA,shock,0,202,900000,True,cooperative,0.3695,2,earthquake,Kaohsiung,Los Angeles,0,5,True,0.6291,0.8479,0.3196,0.8484,True,0.1823,0.1812,80,0,False,0.8105,0.2415,0.2463,False,True,True,False,False,0.5447,0.5449
Dyn-tau-nohedge,shock,0,203,900000,True,cooperative,0.3695,2,earthquake,Kaohsiung,Los Angeles,0,5,True,0.6296,0.8474,0.3188,0.8479,True,0.1823,0.1812,100,1,True,0.8105,0.2608,0.266,False,True,False,False,False,0.5441,0.5443
Surplus,shock,1,204,900001,True,competitive,0.5999,2,labor_strike,Chennai,Houston,0,6,False,0.6404,,,,False,0.05,0.064,0,0,False,0.606,,,False,False,,True,True,0.025,0.0
Static-tau,shock,1,205,900001,True,competitive,0.5999,2,labor_strike,Chennai,Houston,0,6,False,0.635,,,,False,0.05,0.064,0,0,False,0.606,,,False,False,,True,True,0.025,0.0
Dyn-BATNA,shock,1,206,900001,True,competitive,0.5999,2,labor_strike,Chennai,Houston,0,5,True,0.6291,0.8795,-0.0793,0.8738,True,0.05,0.064,80,0,False,0.606,0.0746,0.076,False,True,True,False,False,0.4771,0.4742
Dyn-tau-nohedge,shock,1,207,900001,True,competitive,0.5999,2,labor_strike,Chennai,Houston,0,5,True,0.6296,0.8795,-0.0793,0.8738,True,0.05,0.064,100,20,True,0.606,0.0933,0.0951,False,True,False,False,False,0.2864,0.2835
Surplus,shock,2,208,900002,True,cooperative,0.3361,2,earthquake,Busan,Los Angeles,0,0,True,0.6404,0.8399,0.2655,0.8522,True,0.202,0.1769,20,0,False,0.8059,0.5778,0.62,False,False,False,False,False,0.7088,0.4216
Static-tau,shock,2,209,900002,True,cooperative,0.3361,2,earthquake,Busan,Los Angeles,0,0,True,0.635,0.8399,0.2655,0.8522,True,0.202,0.1769,120,18,True,0.8059,0.9292,0.9971,False,False,False,False,False,0.7345,0.5973
Dyn-BATNA,shock,2,210,900002,True,cooperative,0.3361,2,earthquake,Busan,Los Angeles,0,0,True,0.6291,0.8399,0.2655,0.8522,True,0.202,0.1769,20,0,False,0.8059,0.4646,0.4986,False,False,False,False,False,0.6522,0.6584
Dyn-tau-nohedge,shock,2,211,900002,True,cooperative,0.3361,2,earthquake,Busan,Los Angeles,0,0,True,0.6296,0.8399,0.2655,0.8522,True,0.202,0.1769,20,0,False,0.8059,0.5069,0.544,False,False,False,False,False,0.6734,0.6796
Surplus,shock,3,212,900003,True,competitive,0.2151,4,canal_blockage,Shenzhen,Los Angeles,0,5,True,0.6404,0.728,0.1814,0.7122,True,0.2884,0.2988,20,0,False,0.9218,0.0544,0.0544,True,True,False,False,False,0.3912,0.1179
Static-tau,shock,3,213,900003,True,competitive,0.2151,4,canal_blockage,Shenzhen,Los Angeles,0,5,True,0.635,0.728,0.1814,0.7122,True,0.2884,0.2988,100,0,False,0.9218,0.4456,0.4456,False,False,True,False,False,0.5868,0.3135
Dyn-BATNA,shock,3,214,900003,True,competitive,0.2151,4,canal_blockage,Shenzhen,Los Angeles,0,5,True,0.6291,0.728,0.1814,0.7122,True,0.2884,0.2988,100,0,False,0.9218,0.3566,0.3566,False,True,True,False,False,0.5423,0.5344
Dyn-tau-nohedge,shock,3,215,900003,True,competitive,0.2151,4,canal_blockage,Shenzhen,Los Angeles,0,5,True,0.6296,0.728,0.1814,0.7122,True,0.2884,0.2988,100,0,False,0.9218,0.3566,0.3566,False,True,True,False,False,0.5423,0.5344
Surplus,shock,4,216,900004,True,cooperative,0.2437,1,labor_strike,Kaohsiung,Houston,0,5,True,0.6404,0.9439,0.6358,0.9426,True,0.2548,0.2618,100,0,False,0.8748,0.1204,0.1204,True,True,True,False,False,0.5321,0.3781
Static-tau,shock,4,217,900004,True,cooperative,0.2437,1,labor_strike,Kaohsiung,Houston,0,5,True,0.635,0.9465,0.6392,0.9453,True,0.2548,0.2618,100,0,False,0.8748,0.4076,0.4076,False,False,True,False,False,0.677,0.5234
Dyn-BATNA,shock,4,218,900004,True,cooperative,0.2437,1,labor_strike,Kaohsiung,Houston,0,5,True,0.6291,0.7863,0.4324,0.7815,True,0.2548,0.2618,100,0,False,0.8748,0.264,0.264,False,True,True,False,False,0.5251,0.5227
Dyn-tau-nohedge,shock,4,219,900004,True,cooperative,0.2437,1,labor_strike,Kaohsiung,Houston,0,5,True,0.6296,0.7857,0.4317,0.7809,True,0.2548,0.2618,100,0,False,0.8748,0.264,0.264,False,True,True,False,False,0.5249,0.5225
Surplus,shock,5,220,900005,True,competitive,0.3599,2,geopolitical_sanction,Shanghai,Houston,0,6,False,0.6404,,,,False,0.188,0.2287,0,0,False,0.8067,,,False,False,,True,False,0.094,0.0
Static-tau,shock,5,221,900005,True,competitive,0.3599,2,geopolitical_sanction,Shanghai,Houston,0,6,False,0.635,,,,False,0.188,0.2287,0,0,False,0.8067,,,False,False,,True,False,0.094,0.0
Dyn-BATNA,shock,5,222,900005,True,competitive,0.3599,2,geopolitical_sanction,Shanghai,Houston,0,5,True,0.6291,0.807,-0.1781,0.7657,False,0.188,0.2287,0,0,False,0.8067,,,False,False,,True,False,0.4975,0.3828
Dyn-tau-nohedge,shock,5,223,900005,True,competitive,0.3599,2,geopolitical_sanction,Shanghai,Houston,0,5,True,0.6296,0.807,-0.1781,0.7657,True,0.188,0.2287,100,2,True,0.8067,0.3662,0.3795,False,True,False,False,False,0.5666,0.5459
Surplus,shock,6,224,900006,True,competitive,0.566,4,cyberattack,Manzanillo,Houston,0,6,False,0.6404,,,,False,0.1064,0.1459,0,0,False,0.6508,,,False,False,,True,True,0.0532,0.0
Static-tau,shock,6,225,900006,True,competitive,0.566,4,cyberattack,Manzanillo,Houston,0,6,False,0.635,,,,False,0.1064,0.1459,0,0,False,0.6508,,,False,False,,True,True,0.0532,0.0
Dyn-BATNA,shock,6,226,900006,True,competitive,0.566,4,cyberattack,Manzanillo,Houston,0,5,True,0.6291,0.8872,-0.5021,0.8663,True,0.1064,0.1459,80,3,True,0.6508,0.1686,0.1841,False,True,False,False,False,0.4904,0.4799
Dyn-tau-nohedge,shock,6,227,900006,True,competitive,0.566,4,cyberattack,Manzanillo,Houston,0,5,True,0.6296,0.8872,-0.5021,0.8663,True,0.1064,0.1459,100,23,True,0.6508,0.2107,0.2301,False,True,False,False,False,0.319,0.3085
Surplus,shock,7,228,900007,True,cooperative,0.4216,3,geopolitical_sanction,Manzanillo,Houston,0,0,True,0.6404,0.9491,0.2643,0.9433,True,0.1596,0.1909,120,26,True,0.7417,0.9,1.0186,False,False,False,False,False,0.7079,0.5821
Static-tau,shock,7,229,900007,True,cooperative,0.4216,3,geopolitical_sanction,Manzanillo,Houston,0,0,True,0.635,0.9491,0.2643,0.9433,True,0.1596,0.1909,120,26,True,0.7417,0.9,1.0186,False,False,False,False,False,0.7079,0.5821
Dyn-BATNA,shock,7,230,900007,True,cooperative,0.4216,3,geopolitical_sanction,Manzanillo,Houston,0,0,True,0.6291,0.9491,0.2643,0.9433,True,0.1596,0.1909,20,0,False,0.7417,0.4898,0.5543,False,False,False,False,False,0.7194,0.7165
Dyn-tau-nohedge,shock,7,231,900007,True,cooperative,0.4216,3,geopolitical_sanction,Manzanillo,Houston,0,0,True,0.6296,0.9491,0.2643,0.9433,True,0.1596,0.1909,120,26,True,0.7417,0.9,1.0186,False,False,False,False,False,0.7079,0.705
Surplus,shock,8,232,900008,True,cooperative,0.2203,3,port_congestion,Kaohsiung,Oakland,0,0,True,0.6404,0.8333,0.5764,0.838,True,0.2744,0.2644,120,0,False,0.9478,0.9538,0.9538,False,False,True,False,False,0.8935,0.7651
Static-tau,shock,8,233,900008,True,cooperative,0.2203,3,port_congestion,Kaohsiung,Oakland,0,0,True,0.635,0.8378,0.582,0.8424,True,0.2744,0.2644,120,0,False,0.9478,0.9538,0.9538,False,False,True,False,False,0.8958,0.7679
Dyn-BATNA,shock,8,234,900008,True,cooperative,0.2203,3,port_congestion,Kaohsiung,Oakland,0,0,True,0.6291,0.7004,0.4116,0.7089,True,0.2744,0.2644,100,0,False,0.9478,0.5867,0.5867,False,False,False,False,False,0.6435,0.6478
Dyn-tau-nohedge,shock,8,235,900008,True,cooperative,0.2203,3,port_congestion,Kaohsiung,Oakland,0,0,True,0.6296,0.6998,0.4109,0.7084,True,0.2744,0.2644,120,0,False,0.9478,0.9538,0.9538,False,False,True,False,False,0.8268,0.8311
Surplus,shock,9,236,900009,True,competitive,0.684,4,earthquake,Shanghai,Los Angeles,0,0,True,0.6404,0.9017,0.1343,0.9055,True,0.05,0.05,20,0,False,0.6956,0.0529,0.0591,False,True,False,False,False,0.4773,0.0936
Static-tau,shock,9,237,900009,True,competitive,0.684,4,earthquake,Shanghai,Los Angeles,0,0,True,0.635,0.9017,0.1343,0.9055,True,0.05,0.05,120,26,True,0.6956,0.4196,0.4693,False,False,False,False,False,0.444,0.277
Dyn-BATNA,shock,9,238,900009,True,competitive,0.684,4,earthquake,Shanghai,Los Angeles,0,0,True,0.6291,0.9017,0.1343,0.9055,True,0.05,0.05,20,0,False,0.6956,0.0529,0.0591,False,True,False,False,False,0.4773,0.4792
Dyn-tau-nohedge,shock,9,239,900009,True,competitive,0.684,4,earthquake,Shanghai,Los Angeles,0,0,True,0.6296,0.9017,0.1343,0.9055,True,0.05,0.05,20,0,False,0.6956,0.0529,0.0591,False,True,False,False,False,0.4773,0.4792
Surplus,shock,10,240,900010,True,cooperative,0.3004,2,geopolitical_sanction,Busan,Los Angeles,0,5,True,0.6404,0.9115,0.564,0.8954,True,0.223,0.2784,100,2,True,0.8064,0.122,0.1251,True,True,False,False,False,0.4968,0.343
Static-tau,shock,10,241,900010,True,cooperative,0.3004,2,geopolitical_sanction,Busan,Los Angeles,0,5,True,0.635,0.9115,0.564,0.8954,True,0.223,0.2784,100,2,True,0.8064,0.5061,0.5188,False,False,False,False,False,0.6888,0.5351
Dyn-BATNA,shock,10,242,900010,True,cooperative,0.3004,2,geopolitical_sanction,Busan,Los Angeles,0,5,True,0.6291,0.8118,0.4302,0.7776,True,0.223,0.2784,100,2,True,0.8064,0.3781,0.3875,False,True,False,False,False,0.5749,0.5578
Dyn-tau-nohedge,shock,10,243,900010,True,cooperative,0.3004,2,geopolitical_sanction,Busan,Los Angeles,0,5,True,0.6296,0.8113,0.4295,0.777,True,0.223,0.2784,100,2,True,0.8064,0.3781,0.3875,False,True,False,False,False,0.5747,0.5575
Surplus,shock,11,244,900011,True,cooperative,0.3345,1,typhoon_hurricane,Shanghai,Oakland,0,0,True,0.6404,0.8893,0.4802,0.8936,True,0.2007,0.1857,120,15,True,0.7802,0.9363,0.9739,False,False,False,False,False,0.7878,0.7083
Static-tau,shock,11,245,900011,True,cooperative,0.3345,1,typhoon_hurricane,Shanghai,Oakland,0,0,True,0.635,0.8893,0.4802,0.8936,True,0.2007,0.1857,120,15,True,0.7802,0.9363,0.9739,False,False,False,False,False,0.7878,0.7083
Dyn-BATNA,shock,11,246,900011,True,cooperative,0.3345,1,typhoon_hurricane,Shanghai,Oakland,0,0,True,0.6291,0.7527,0.2907,0.7624,True,0.2007,0.1857,100,0,False,0.7802,0.1929,0.2007,True,True,True,False,False,0.4728,0.4777
Dyn-tau-nohedge,shock,11,247,900011,True,cooperative,0.3345,1,typhoon_hurricane,Shanghai,Oakland,0,0,True,0.6296,0.7522,0.29,0.7619,True,0.2007,0.1857,120,15,True,0.7802,0.9363,0.9739,False,False,False,False,False,0.7193,0.7241
Surplus,shock,12,248,900012,True,cooperative,0.6041,4,port_congestion,Shenzhen,Houston,0,0,False,0.6404,,,,True,0.0866,0.0951,20,0,False,0.6314,0.0688,0.1049,True,True,True,False,False,0.0344,0.0344
Static-tau,shock,12,249,900012,True,cooperative,0.6041,4,port_congestion,Shenzhen,Houston,0,0,False,0.635,,,,True,0.0866,0.0951,20,0,False,0.6314,0.4662,0.7106,False,False,True,False,False,0.2331,0.2331
Dyn-BATNA,shock,12,250,900012,True,cooperative,0.6041,4,port_congestion,Shenzhen,Houston,0,0,True,0.6291,0.9099,-0.6173,0.9067,True,0.0866,0.0951,20,0,False,0.6314,0.4662,0.5406,False,False,False,False,False,0.688,0.6865
Dyn-tau-nohedge,shock,12,251,900012,True,cooperative,0.6041,4,port_congestion,Shenzhen,Houston,0,0,True,0.6296,0.9099,-0.6173,0.9067,True,0.0866,0.0951,120,35,True,0.6314,0.6032,0.6995,False,False,False,False,False,0.4649,0.4633
Surplus,shock,13,252,900013,True,cooperative,0.3745,3,geopolitical_sanction,Shanghai,Houston,0,0,True,0.6404,0.8574,0.0746,0.8812,True,0.1865,0.1337,120,8,True,0.8257,0.7354,0.7937,False,False,False,False,False,0.7298,0.405
Static-tau,shock,13,253,900013,True,cooperative,0.3745,3,geopolitical_sanction,Shanghai,Houston,0,0,True,0.635,0.8574,0.0746,0.8812,True,0.1865,0.1337,120,8,True,0.8257,0.7354,0.7937,False,False,False,False,False,0.7298,0.405
Dyn-BATNA,shock,13,254,900013,True,cooperative,0.3745,3,geopolitical_sanction,Shanghai,Houston,0,0,True,0.6291,0.8574,0.0746,0.8812,True,0.1865,0.1337,100,0,False,0.8257,0.3667,0.3958,False,True,True,False,False,0.6121,0.6239
Dyn-tau-nohedge,shock,13,255,900013,True,cooperative,0.3745,3,geopolitical_sanction,Shanghai,Houston,0,0,True,0.6296,0.8574,0.0746,0.8812,True,0.1865,0.1337,120,8,True,0.8257,0.7354,0.7937,False,False,False,False,False,0.7298,0.7416
Surplus,shock,14,256,900014,True,competitive,0.6949,2,canal_blockage,Chennai,Los Angeles,0,0,True,0.6404,0.9523,0.2286,0.9524,True,0.05,0.05,20,0,False,0.5428,0.06,0.0731,False,True,False,False,False,0.5062,0.1443
Static-tau,shock,14,257,900014,True,competitive,0.6949,2,canal_blockage,Chennai,Los Angeles,0,0,True,0.635,0.9523,0.2286,0.9524,True,0.05,0.05,120,44,True,0.5428,0.4199,0.512,False,False,False,False,False,0.3195,0.3243
Dyn-BATNA,shock,14,258,900014,True,competitive,0.6949,2,canal_blockage,Chennai,Los Angeles,0,0,True,0.6291,0.8253,0.0031,0.8255,True,0.05,0.05,20,0,False,0.5428,0.06,0.0731,False,True,False,False,False,0.4426,0.4427
Dyn-tau-nohedge,shock,14,259,900014,True,competitive,0.6949,2,canal_blockage,Chennai,Los Angeles,0,0,True,0.6296,0.8249,0.0024,0.8251,True,0.05,0.05,20,0,False,0.5428,0.06,0.0731,False,True,False,False,False,0.4424,0.4426
Surplus,shock,15,260,900015,True,competitive,0.2784,3,geopolitical_sanction,Kaohsiung,Houston,0,0,False,0.6404,,,,False,0.2413,0.2466,0,0,False,0.8318,,,False,False,,True,True,0.1206,0.0
Static-tau,shock,15,261,900015,True,competitive,0.2784,3,geopolitical_sanction,Kaohsiung,Houston,0,0,False,0.635,,,,False,0.2413,0.2466,0,0,False,0.8318,,,False,False,,True,True,0.1206,0.0
Dyn-BATNA,shock,15,262,900015,True,competitive,0.2784,3,geopolitical_sanction,Kaohsiung,Houston,0,0,False,0.6291,,,,False,0.2413,0.2466,0,0,False,0.8318,,,False,False,,True,True,0.1206,0.0
Dyn-tau-nohedge,shock,15,263,900015,True,competitive,0.2784,3,geopolitical_sanction,Kaohsiung,Houston,0,0,False,0.6296,,,,False,0.2413,0.2466,0,0,False,0.8318,,,False,False,,True,True,0.1206,0.0
Surplus,shock,16,264,900016,True,competitive,0.2528,1,earthquake,Chennai,Houston,0,5,True,0.6404,0.9209,0.4072,0.9085,True,0.2493,0.2822,20,0,False,0.7851,0.0645,0.0689,True,True,False,False,False,0.4927,0.2358
Static-tau,shock,16,265,900016,True,competitive,0.2528,1,earthquake,Chennai,Houston,0,5,True,0.635,0.9209,0.4072,0.9085,True,0.2493,0.2822,100,4,True,0.7851,0.4582,0.4897,False,False,False,False,False,0.6496,0.4327
Dyn-BATNA,shock,16,266,900016,True,competitive,0.2528,1,earthquake,Chennai,Houston,0,5,True,0.6291,0.9209,0.4072,0.9085,True,0.2493,0.2822,100,4,True,0.7851,0.3223,0.3445,False,True,False,False,False,0.5816,0.5754
Dyn-tau-nohedge,shock,16,267,900016,True,competitive,0.2528,1,earthquake,Chennai,Houston,0,5,True,0.6296,0.9209,0.4072,0.9085,True,0.2493,0.2822,100,4,True,0.7851,0.3223,0.3445,False,True,False,False,False,0.5816,0.5754
Surplus,shock,17,268,900017,True,competitive,0.5423,1,typhoon_hurricane,Manzanillo,Houston,0,0,False,0.6404,,,,True,0.0768,0.0902,20,0,False,0.5877,0.0808,0.1356,False,True,True,False,False,0.0404,0.0404
Static-tau,shock,17,269,900017,True,competitive,0.5423,1,typhoon_hurricane,Manzanillo,Houston,0,0,False,0.635,,,,False,0.0768,0.0902,0,0,False,0.5877,,,False,False,,True,True,0.0384,0.0
Dyn-BATNA,shock,17,270,900017,True,competitive,0.5423,1,typhoon_hurricane,Manzanillo,Houston,0,0,True,0.6291,0.8425,-0.1356,0.8363,True,0.0768,0.0902,80,0,False,0.5877,0.3232,0.3855,False,True,True,False,False,0.5829,0.5798
Dyn-tau-nohedge,shock,17,271,900017,True,competitive,0.5423,1,typhoon_hurricane,Manzanillo,Houston,0,0,True,0.6296,0.8425,-0.1356,0.8363,True,0.0768,0.0902,120,37,True,0.5877,0.4848,0.5783,False,False,False,False,False,0.3553,0.3522
Surplus,shock,18,272,900018,True,cooperative,0.3792,2,earthquake,Busan,Oakland,0,6,False,0.6404,,,,False,0.1766,0.2317,0,0,False,0.8184,,,False,False,,True,True,0.0883,0.0
Static-tau,shock,18,273,900018,True,cooperative,0.3792,2,earthquake,Busan,Oakland,0,6,False,0.635,,,,False,0.1766,0.2317,0,0,False,0.8184,,,False,False,,True,True,0.0883,0.0
Dyn-BATNA,shock,18,274,900018,True,cooperative,0.3792,2,earthquake,Busan,Oakland,0,6,False,0.6291,,,,False,0.1766,0.2317,0,0,False,0.8184,,,False,False,,True,True,0.0883,0.0
Dyn-tau-nohedge,shock,18,275,900018,True,cooperative,0.3792,2,earthquake,Busan,Oakland,0,6,False,0.6296,,,,False,0.1766,0.2317,0,0,False,0.8184,,,False,False,,True,True,0.0883,0.0
Surplus,shock,19,276,900019,True,competitive,0.4204,1,typhoon_hurricane,Manzanillo,Los Angeles,0,5,True,0.6404,0.9159,0.1816,0.9132,True,0.1494,0.1594,20,0,False,0.7054,0.0527,0.0556,True,True,False,False,False,0.4843,0.1172
Static-tau,shock,19,277,900019,True,competitive,0.4204,1,typhoon_hurricane,Manzanillo,Los Angeles,0,5,True,0.635,0.9159,0.1816,0.9132,True,0.1494,0.1594,100,14,True,0.7054,0.4636,0.4894,False,False,False,False,False,0.5498,0.3226
Dyn-BATNA,shock,19,278,900019,True,competitive,0.4204,1,typhoon_hurricane,Manzanillo,Los Angeles,0,5,True,0.6291,0.9159,0.1816,0.9132,True,0.1494,0.1594,80,0,False,0.7054,0.2108,0.2225,False,True,True,False,False,0.5633,0.562
Dyn-tau-nohedge,shock,19,279,900019,True,competitive,0.4204,1,typhoon_hurricane,Manzanillo,Los Angeles,0,5,True,0.6296,0.9159,0.1816,0.9132,True,0.1494,0.1594,100,14,True,0.7054,0.2635,0.2781,False,True,False,False,False,0.4497,0.4483
Surplus,shock,20,280,900020,True,cooperative,0.2128,3,geopolitical_sanction,Shanghai,Houston,0,0,True,0.6404,0.8228,0.4656,0.8332,True,0.2787,0.262,120,4,True,0.9125,0.466,0.4742,False,False,False,False,False,0.611,0.4658
Static-tau,shock,20,281,900020,True,cooperative,0.2128,3,geopolitical_sanction,Shanghai,Houston,0,0,True,0.635,0.8228,0.4656,0.8332,True,0.2787,0.262,120,4,True,0.9125,0.466,0.4742,False,False,False,False,False,0.611,0.4658
Dyn-BATNA,shock,20,282,900020,True,cooperative,0.2128,3,geopolitical_sanction,Shanghai,Houston,0,0,True,0.6291,0.8228,0.4656,0.8332,True,0.2787,0.262,100,0,False,0.9125,0.3542,0.3605,False,True,False,False,False,0.5885,0.5937
Dyn-tau-nohedge,shock,20,283,900020,True,cooperative,0.2128,3,geopolitical_sanction,Shanghai,Houston,0,0,True,0.6296,0.8228,0.4656,0.8332,True,0.2787,0.262,120,4,True,0.9125,0.466,0.4742,False,False,False,False,False,0.611,0.6162
Surplus,shock,21,284,900021,True,cooperative,0.5159,1,geopolitical_sanction,Manzanillo,Houston,0,0,True,0.6404,0.9362,0.3604,0.9393,True,0.0925,0.0703,120,19,True,0.7314,0.8827,0.9347,False,False,False,False,False,0.7511,0.6215
Static-tau,shock,21,285,900021,True,cooperative,0.5159,1,geopolitical_sanction,Manzanillo,Houston,0,0,True,0.635,0.9362,0.3604,0.9393,True,0.0925,0.0703,120,19,True,0.7314,0.8827,0.9347,False,False,False,False,False,0.7511,0.6215
Dyn-BATNA,shock,21,286,900021,True,cooperative,0.5159,1,geopolitical_sanction,Manzanillo,Houston,0,0,True,0.6291,0.7896,0.1351,0.7998,True,0.0925,0.0703,80,0,False,0.7314,0.4573,0.4843,False,False,False,False,False,0.6235,0.6286
Dyn-tau-nohedge,shock,21,287,900021,True,cooperative,0.5159,1,geopolitical_sanction,Manzanillo,Houston,0,0,True,0.6296,0.7896,0.1351,0.7998,True,0.0961,0.0741,120,19,True,0.7314,0.8286,0.8775,False,False,False,False,False,0.6508,0.6559
Surplus,shock,22,288,900022,True,competitive,0.4038,1,rail_derailment,Kaohsiung,Oakland,0,0,True,0.6404,0.9394,0.2549,0.9298,True,0.1594,0.2019,20,0,False,0.8151,0.0338,0.035,True,True,False,False,False,0.4866,0.1444
Static-tau,shock,22,289,900022,True,competitive,0.4038,1,rail_derailment,Kaohsiung,Oakland,0,0,True,0.635,0.9394,0.2549,0.9298,True,0.1594,0.2019,120,11,True,0.8151,0.4471,0.4628,False,False,False,False,False,0.6016,0.351
Dyn-BATNA,shock,22,290,900022,True,competitive,0.4038,1,rail_derailment,Kaohsiung,Oakland,0,0,True,0.6291,0.9394,0.2549,0.9298,True,0.1594,0.2019,100,0,False,0.8151,0.2912,0.3015,False,True,True,False,False,0.6153,0.6105
Dyn-tau-nohedge,shock,22,291,900022,True,competitive,0.4038,1,rail_derailment,Kaohsiung,Oakland,0,0,True,0.6296,0.9394,0.2549,0.9298,True,0.1594,0.2019,120,11,True,0.8151,0.2031,0.2102,False,True,False,False,False,0.4796,0.4748
Surplus,shock,23,292,900023,True,cooperative,0.4823,1,geopolitical_sanction,Chennai,Houston,0,0,True,0.6404,0.8767,0.0959,0.8983,True,0.1125,0.05,120,24,True,0.7092,0.8387,0.9167,False,False,False,False,False,0.6577,0.4673
Static-tau,shock,23,293,900023,True,cooperative,0.4823,1,geopolitical_sanction,Chennai,Houston,0,0,True,0.635,0.8767,0.0959,0.8983,True,0.1125,0.05,120,24,True,0.7092,0.8387,0.9167,False,False,False,False,False,0.6577,0.4673
Dyn-BATNA,shock,23,294,900023,True,cooperative,0.4823,1,geopolitical_sanction,Chennai,Houston,0,0,True,0.6291,0.8654,0.0775,0.889,True,0.1125,0.05,20,0,False,0.7092,0.4647,0.5079,False,False,False,False,False,0.665,0.6768
Dyn-tau-nohedge,shock,23,295,900023,True,cooperative,0.4823,1,geopolitical_sanction,Chennai,Houston,0,0,True,0.6296,0.8649,0.0767,0.8886,True,0.1125,0.05,20,0,False,0.7092,0.4647,0.5079,False,False,False,False,False,0.6648,0.6766
Surplus,shock,24,296,900024,True,cooperative,0.2146,2,port_congestion,Ho Chi Minh City,Los Angeles,0,0,True,0.6404,0.8877,0.617,0.8702,True,0.2736,0.3168,120,6,True,0.8411,0.7195,0.7634,False,False,False,False,False,0.7536,0.6682
Static-tau,shock,24,297,900024,True,cooperative,0.2146,2,port_congestion,Ho Chi Minh City,Los Angeles,0,0,True,0.635,0.8925,0.623,0.8758,True,0.2736,0.3168,120,6,True,0.8411,0.7195,0.7634,False,False,False,False,False,0.756,0.6712
Dyn-BATNA,shock,24,298,900024,True,cooperative,0.2146,2,port_congestion,Ho Chi Minh City,Los Angeles,0,0,True,0.6291,0.8015,0.5092,0.7705,True,0.2736,0.3168,120,6,True,0.8411,0.7195,0.7634,False,False,False,False,False,0.7105,0.695
Dyn-tau-nohedge,shock,24,299,900024,True,cooperative,0.2146,2,port_congestion,Ho Chi Minh City,Los Angeles,0,0,True,0.6296,0.8009,0.5085,0.7699,True,0.2736,0.3168,120,6,True,0.8411,0.7195,0.7634,False,False,False,False,False,0.7102,0.6947
Surplus,shock,25,300,900025,True,competitive,0.512,1,cyberattack,Busan,Oakland,0,0,True,0.6404,0.893,0.2845,0.8935,True,0.0949,0.0929,20,0,False,0.681,0.0817,0.0976,True,True,False,False,False,0.4873,0.1831
Static-tau,shock,25,301,900025,True,competitive,0.512,1,cyberattack,Busan,Oakland,0,0,True,0.635,0.893,0.2845,0.8935,True,0.0949,0.0929,120,26,True,0.681,0.4901,0.5858,False,False,False,False,False,0.4749,0.3873
Dyn-BATNA,shock,25,302,900025,True,competitive,0.512,1,cyberattack,Busan,Oakland,0,0,True,0.6291,0.8056,0.1456,0.8065,True,0.0949,0.0929,80,0,False,0.681,0.3267,0.3905,False,True,True,False,False,0.5661,0.5666
Dyn-tau-nohedge,shock,25,303,900025,True,competitive,0.512,1,cyberattack,Busan,Oakland,0,0,True,0.6296,0.8051,0.145,0.806,True,0.0949,0.0929,120,26,True,0.681,0.4901,0.5858,False,False,False,False,False,0.431,0.4314
Surplus,shock,26,304,900026,True,cooperative,0.4969,4,labor_strike,Shanghai,Oakland,0,0,False,0.6404,,,,True,0.1422,0.1583,20,0,False,0.739,0.0194,0.0215,True,True,True,False,False,0.0097,0.0097
Static-tau,shock,26,305,900026,True,cooperative,0.4969,4,labor_strike,Shanghai,Oakland,0,0,False,0.635,,,,False,0.1422,0.1583,0,0,False,0.739,,,False,False,,True,True,0.0711,0.0
Dyn-BATNA,shock,26,306,900026,True,cooperative,0.4969,4,labor_strike,Shanghai,Oakland,0,0,True,0.6291,0.8362,-0.4247,0.8244,True,0.1422,0.1583,80,0,False,0.739,0.2263,0.2308,False,True,False,False,False,0.5313,0.5253
Dyn-tau-nohedge,shock,26,307,900026,True,cooperative,0.4969,4,labor_strike,Shanghai,Oakland,0,0,True,0.6296,0.8362,-0.4247,0.8244,True,0.1422,0.1583,120,19,True,0.739,1.0,1.0198,False,False,False,False,False,0.7598,0.7539
Surplus,shock,27,308,900027,True,competitive,0.3745,2,geopolitical_sanction,Shanghai,Oakland,0,0,True,0.6404,0.8569,0.2542,0.848,True,0.1794,0.1982,20,0,False,0.749,0.0528,0.0591,True,True,False,False,False,0.4548,0.1535
Static-tau,shock,27,309,900027,True,competitive,0.3745,2,geopolitical_sanction,Shanghai,Oakland,0,0,True,0.635,0.8569,0.2542,0.848,True,0.1794,0.1982,120,23,True,0.749,0.4316,0.4826,False,False,False,False,False,0.4526,0.3429
Dyn-BATNA,shock,27,310,900027,True,competitive,0.3745,2,geopolitical_sanction,Shanghai,Oakland,0,0,True,0.6291,0.8569,0.2542,0.848,True,0.1794,0.1982,100,3,True,0.749,0.2641,0.2953,False,True,False,False,False,0.5305,0.5261
Dyn-tau-nohedge,shock,27,311,900027,True,competitive,0.3745,2,geopolitical_sanction,Shanghai,Oakland,0,0,True,0.6296,0.8569,0.2542,0.848,True,0.1794,0.1982,120,23,True,0.749,0.317,0.3544,False,True,False,False,False,0.3952,0.3908
Surplus,shock,28,312,900028,True,cooperative,0.2348,3,port_congestion,Chennai,Oakland,0,0,True,0.6404,0.9188,0.6108,0.9109,True,0.2661,0.2931,120,19,True,0.7891,0.712,0.7412,False,False,False,False,False,0.6571,0.6614
Static-tau,shock,28,313,900028,True,cooperative,0.2348,3,port_congestion,Chennai,Oakland,0,0,True,0.635,0.9188,0.6108,0.9109,True,0.2661,0.2931,120,19,True,0.7891,0.712,0.7412,False,False,False,False,False,0.6571,0.6614
Dyn-BATNA,shock,28,314,900028,True,cooperative,0.2348,3,port_congestion,Chennai,Oakland,0,0,True,0.6291,0.8459,0.5179,0.8309,True,0.2661,0.2931,100,0,False,0.7891,0.3408,0.3548,False,True,False,False,False,0.5934,0.5859
Dyn-tau-nohedge,shock,28,315,900028,True,cooperative,0.2348,3,port_congestion,Chennai,Oakland,0,0,True,0.6296,0.8453,0.5172,0.8303,True,0.2661,0.2931,120,19,True,0.7891,0.712,0.7412,False,False,False,False,False,0.6203,0.6128
Surplus,shock,29,316,900029,True,competitive,0.403,1,labor_strike,Busan,Los Angeles,0,6,False,0.6404,,,,False,0.1599,0.187,0,0,False,0.6705,,,False,False,,True,True,0.0799,0.0
Static-tau,shock,29,317,900029,True,competitive,0.403,1,labor_strike,Busan,Los Angeles,0,6,False,0.635,,,,False,0.1599,0.187,0,0,False,0.6705,,,False,False,,True,True,0.0799,0.0
Dyn-BATNA,shock,29,318,900029,True,competitive,0.403,1,labor_strike,Busan,Los Angeles,0,6,False,0.6291,,,,False,0.1599,0.187,0,0,False,0.6705,,,False,False,,True,True,0.0799,0.0
Dyn-tau-nohedge,shock,29,319,900029,True,competitive,0.403,1,labor_strike,Busan,Los Angeles,0,6,False,0.6296,,,,False,0.1599,0.187,0,0,False,0.6705,,,False,False,,True,True,0.0799,0.0
Surplus,shock,30,320,900030,True,cooperative,0.2037,1,geopolitical_sanction,Shenzhen,Houston,0,0,True,0.6404,0.8781,0.6164,0.8705,True,0.2786,0.2974,20,0,False,0.9005,0.5753,0.6092,False,False,False,False,False,0.7267,0.5958
Static-tau,shock,30,321,900030,True,cooperative,0.2037,1,geopolitical_sanction,Shenzhen,Houston,0,0,True,0.635,0.883,0.6224,0.8757,True,0.2786,0.2974,120,2,True,0.9005,0.8166,0.8648,False,False,False,False,False,0.8331,0.7195
Dyn-BATNA,shock,30,322,900030,True,cooperative,0.2037,1,geopolitical_sanction,Shenzhen,Houston,0,0,True,0.6291,0.7643,0.4752,0.7496,True,0.2786,0.2974,20,0,False,0.9005,0.5753,0.6092,False,False,False,False,False,0.6698,0.6624
Dyn-tau-nohedge,shock,30,323,900030,True,cooperative,0.2037,1,geopolitical_sanction,Shenzhen,Houston,0,0,True,0.6296,0.7637,0.4745,0.749,True,0.2786,0.2974,20,0,False,0.9005,0.5753,0.6092,False,False,False,False,False,0.6695,0.6621
Surplus,shock,31,324,900031,True,cooperative,0.7722,1,canal_blockage,Shanghai,Oakland,0,6,False,0.6404,,,,False,0.05,0.05,0,0,False,0.5303,,,False,False,,True,True,0.025,0.0
Static-tau,shock,31,325,900031,True,cooperative,0.7722,1,canal_blockage,Shanghai,Oakland,0,6,False,0.635,,,,False,0.05,0.05,0,0,False,0.5303,,,False,False,,True,True,0.025,0.0
Dyn-BATNA,shock,31,326,900031,True,cooperative,0.7722,1,canal_blockage,Shanghai,Oakland,0,5,True,0.6291,0.8658,-0.5006,0.8559,True,0.05,0.05,60,0,False,0.5303,0.1434,0.1586,False,True,True,False,False,0.5046,0.4997
Dyn-tau-nohedge,shock,31,327,900031,True,cooperative,0.7722,1,canal_blockage,Shanghai,Oakland,0,5,True,0.6296,0.8658,-0.5006,0.8559,True,0.05,0.05,100,30,True,0.5303,0.239,0.2643,False,True,False,False,False,0.2524,0.2475
Surplus,shock,32,328,900032,True,cooperative,0.3209,3,rail_derailment,Manzanillo,Oakland,0,0,True,0.6404,0.9587,0.5172,0.9658,True,0.2171,0.1515,120,18,True,0.8193,0.7269,0.7568,False,False,False,False,False,0.6928,0.6221
Static-tau,shock,32,329,900032,True,cooperative,0.3209,3,rail_derailment,Manzanillo,Oakland,0,0,True,0.635,0.9587,0.5172,0.9658,True,0.2171,0.1515,120,18,True,0.8193,0.7269,0.7568,False,False,False,False,False,0.6928,0.6221
Dyn-BATNA,shock,32,330,900032,True,cooperative,0.3209,3,rail_derailment,Manzanillo,Oakland,0,0,True,0.6291,0.8127,0.3148,0.8452,True,0.2171,0.1515,80,0,False,0.8193,0.1578,0.1642,True,True,False,False,False,0.4852,0.5015
Dyn-tau-nohedge,shock,32,331,900032,True,cooperative,0.3209,3,rail_derailment,Manzanillo,Oakland,0,0,True,0.6296,0.8121,0.314,0.8447,True,0.2171,0.1515,120,18,True,0.8193,0.7269,0.7568,False,False,False,False,False,0.6195,0.6358
Surplus,shock,33,332,900033,True,cooperative,0.2756,3,typhoon_hurricane,Busan,Oakland,0,5,True,0.6404,0.9476,0.5855,0.9429,True,0.2429,0.2682,100,0,False,0.8808,0.22,0.22,True,True,True,False,False,0.5838,0.4027
Static-tau,shock,33,333,900033,True,cooperative,0.2756,3,typhoon_hurricane,Busan,Oakland,0,5,True,0.635,0.9476,0.5855,0.9429,True,0.2429,0.2682,100,0,False,0.8808,0.4554,0.4554,False,False,False,False,False,0.7015,0.5204
Dyn-BATNA,shock,33,334,900033,True,cooperative,0.2756,3,typhoon_hurricane,Busan,Oakland,0,5,True,0.6291,0.8744,0.4885,0.8632,True,0.2429,0.2682,100,0,False,0.8808,0.2985,0.2985,False,True,False,False,False,0.5864,0.5808
Dyn-tau-nohedge,shock,33,335,900033,True,cooperative,0.2756,3,typhoon_hurricane,Busan,Oakland,0,5,True,0.6296,0.8738,0.4877,0.8626,True,0.2429,0.2682,100,0,False,0.8808,0.2985,0.2985,False,True,False,False,False,0.5861,0.5805
Surplus,shock,34,336,900034,True,competitive,0.6978,1,port_congestion,Manzanillo,Oakland,0,6,False,0.6404,,,,False,0.05,0.05,0,0,False,0.5097,,,False,False,,True,True,0.025,0.0
Static-tau,shock,34,337,900034,True,competitive,0.6978,1,port_congestion,Manzanillo,Oakland,0,6,False,0.635,,,,False,0.05,0.05,0,0,False,0.5097,,,False,False,,True,True,0.025,0.0
Dyn-BATNA,shock,34,338,900034,True,competitive,0.6978,1,port_congestion,Manzanillo,Oakland,0,6,False,0.6291,,,,False,0.05,0.05,0,0,False,0.5097,,,False,False,,True,True,0.025,0.0
Dyn-tau-nohedge,shock,34,339,900034,True,competitive,0.6978,1,port_congestion,Manzanillo,Oakland,0,6,False,0.6296,,,,False,0.05,0.05,0,0,False,0.5097,,,False,False,,True,True,0.025,0.0
Surplus,shock,35,340,900035,True,cooperative,0.6028,2,port_congestion,Manzanillo,Houston,0,0,False,0.6404,,,,True,0.05,0.05,20,0,False,0.6231,0.0525,0.0713,False,True,True,False,False,0.0263,0.0263
Static-tau,shock,35,341,900035,True,cooperative,0.6028,2,port_congestion,Manzanillo,Houston,0,0,False,0.635,,,,True,0.05,0.05,20,0,False,0.6231,0.4348,0.5897,False,False,True,False,False,0.2174,0.2174
Dyn-BATNA,shock,35,342,900035,True,cooperative,0.6028,2,port_congestion,Manzanillo,Houston,0,0,True,0.6291,0.8772,-0.1491,0.8864,True,0.05,0.05,20,0,False,0.6231,0.4348,0.4858,False,False,False,False,False,0.656,0.6606
Dyn-tau-nohedge,shock,35,343,900035,True,cooperative,0.6028,2,port_congestion,Manzanillo,Houston,0,0,True,0.6296,0.8772,-0.1491,0.8864,True,0.05,0.05,20,0,False,0.6231,0.4348,0.4858,False,False,False,False,False,0.656,0.6606
Surplus,shock,36,344,900036,True,cooperative,0.2221,2,typhoon_hurricane,Busan,Los Angeles,0,5,True,0.6404,0.9011,0.366,0.8786,True,0.2692,0.3077,100,10,True,0.7973,0.3347,0.3587,False,True,False,False,False,0.5179,0.3504
Static-tau,shock,36,345,900036,True,cooperative,0.2221,2,typhoon_hurricane,Busan,Los Angeles,0,5,True,0.635,0.9011,0.366,0.8786,True,0.2692,0.3077,100,10,True,0.7973,0.4432,0.475,False,False,False,False,False,0.5721,0.4046
Dyn-BATNA,shock,36,346,900036,True,cooperative,0.2221,2,typhoon_hurricane,Busan,Los Angeles,0,5,True,0.6291,0.9011,0.366,0.8786,True,0.2692,0.3077,100,10,True,0.7973,0.3347,0.3587,False,True,False,False,False,0.5179,0.5067
Dyn-tau-nohedge,shock,36,347,900036,True,cooperative,0.2221,2,typhoon_hurricane,Busan,Los Angeles,0,5,True,0.6296,0.9011,0.366,0.8786,True,0.2692,0.3077,100,10,True,0.7973,0.3347,0.3587,False,True,False,False,False,0.5179,0.5067
Surplus,shock,37,348,900037,True,cooperative,0.229,4,cyberattack,Shenzhen,Los Angeles,0,5,True,0.6404,0.9128,0.6162,0.9095,True,0.2812,0.2915,100,0,False,0.8652,0.3235,0.3235,False,True,True,False,False,0.6181,0.4698
Static-tau,shock,37,349,900037,True,cooperative,0.229,4,cyberattack,Shenzhen,Los Angeles,0,5,True,0.635,0.9128,0.6162,0.9095,True,0.2812,0.2915,100,0,False,0.8652,0.5071,0.5071,False,False,True,False,False,0.71,0.5616
Dyn-BATNA,shock,37,350,900037,True,cooperative,0.229,4,cyberattack,Shenzhen,Los Angeles,0,5,True,0.6291,0.8839,0.58,0.8795,True,0.2812,0.2915,100,0,False,0.8652,0.3235,0.3235,False,True,True,False,False,0.6037,0.6015
Dyn-tau-nohedge,shock,37,351,900037,True,cooperative,0.229,4,cyberattack,Shenzhen,Los Angeles,0,5,True,0.6296,0.8832,0.5792,0.8788,True,0.2812,0.2915,100,0,False,0.8652,0.3235,0.3235,False,True,True,False,False,0.6033,0.6011
Surplus,shock,38,352,900038,True,cooperative,0.3322,4,port_congestion,Chennai,Houston,0,0,True,0.6404,0.8715,0.5005,0.8752,True,0.2276,0.2172,120,12,True,0.7943,0.8863,0.9453,False,False,False,False,False,0.7789,0.6934
Static-tau,shock,38,353,900038,True,cooperative,0.3322,4,port_congestion,Chennai,Houston,0,0,True,0.635,0.8715,0.5005,0.8752,True,0.2276,0.2172,120,12,True,0.7943,0.8863,0.9453,False,False,False,False,False,0.7789,0.6934
Dyn-BATNA,shock,38,354,900038,True,cooperative,0.3322,4,port_congestion,Chennai,Houston,0,0,True,0.6291,0.8124,0.4214,0.8179,True,0.2276,0.2172,100,0,False,0.7943,0.3121,0.3329,False,True,True,False,False,0.5623,0.565
Dyn-tau-nohedge,shock,38,355,900038,True,cooperative,0.3322,4,port_congestion,Chennai,Houston,0,0,True,0.6296,0.8119,0.4207,0.8173,True,0.2276,0.2172,120,12,True,0.7943,0.8863,0.9453,False,False,False,False,False,0.7491,0.7518
Surplus,shock,39,356,900039,True,competitive,0.6978,1,port_congestion,Shanghai,Oakland,0,0,False,0.6404,,,,True,0.05,0.05,20,0,False,0.6725,0.0465,0.0605,True,True,True,False,False,0.0232,0.0232
Static-tau,shock,39,357,900039,True,competitive,0.6978,1,port_congestion,Shanghai,Oakland,0,0,False,0.635,,,,False,0.05,0.05,0,0,False,0.6725,,,False,False,,True,True,0.025,0.0
Dyn-BATNA,shock,39,358,900039,True,competitive,0.6978,1,port_congestion,Shanghai,Oakland,0,0,False,0.6291,,,,True,0.05,0.05,20,0,False,0.6725,0.1862,0.2426,False,True,True,False,False,0.0931,0.0931
Dyn-tau-nohedge,shock,39,359,900039,True,competitive,0.6978,1,port_congestion,Shanghai,Oakland,0,0,False,0.6296,,,,True,0.05,0.05,20,0,False,0.6725,0.1862,0.2426,False,True,True,False,False,0.0931,0.0931
Surplus,shock,40,360,900040,True,competitive,0.2193,4,cyberattack,Kaohsiung,Oakland,0,0,True,0.6404,0.8582,0.3676,0.8367,True,0.2862,0.3123,80,0,False,0.8885,0.1236,0.1276,True,True,False,False,False,0.4909,0.2456
Static-tau,shock,40,361,900040,True,competitive,0.2193,4,cyberattack,Kaohsiung,Oakland,0,0,True,0.635,0.8582,0.3676,0.8367,True,0.2862,0.3123,120,9,True,0.8885,0.5068,0.523,False,False,False,False,False,0.6075,0.4372
Dyn-BATNA,shock,40,362,900040,True,competitive,0.2193,4,cyberattack,Kaohsiung,Oakland,0,0,True,0.6291,0.8582,0.3676,0.8367,True,0.2862,0.3123,100,0,False,0.8885,0.3152,0.3253,False,True,True,False,False,0.5867,0.5759
Dyn-tau-nohedge,shock,40,363,900040,True,competitive,0.2193,4,cyberattack,Kaohsiung,Oakland,0,0,True,0.6296,0.8582,0.3676,0.8367,True,0.2862,0.3123,120,9,True,0.8885,0.3461,0.3572,False,True,False,False,False,0.5272,0.5164
Surplus,shock,41,364,900041,True,cooperative,0.3594,1,earthquake,Shenzhen,Houston,0,0,True,0.6404,0.8993,0.4941,0.8932,True,0.1858,0.2083,120,20,True,0.7903,0.8864,0.9305,False,False,False,False,False,0.7262,0.6902
Static-tau,shock,41,365,900041,True,cooperative,0.3594,1,earthquake,Shenzhen,Houston,0,0,True,0.635,0.8993,0.4941,0.8932,True,0.1858,0.2083,120,20,True,0.7903,0.8864,0.9305,False,False,False,False,False,0.7262,0.6902
Dyn-BATNA,shock,41,366,900041,True,cooperative,0.3594,1,earthquake,Shenzhen,Houston,0,0,True,0.6291,0.7684,0.3099,0.7543,True,0.1858,0.2083,100,0,False,0.7903,0.2366,0.2483,False,True,True,False,False,0.5025,0.4954
Dyn-tau-nohedge,shock,41,367,900041,True,cooperative,0.3594,1,earthquake,Shenzhen,Houston,0,0,True,0.6296,0.768,0.3092,0.7538,True,0.1858,0.2083,120,20,True,0.7903,0.8864,0.9305,False,False,False,False,False,0.6605,0.6535
Surplus,shock,42,368,900042,True,competitive,0.3686,1,typhoon_hurricane,Kaohsiung,Los Angeles,0,0,True,0.6404,0.8837,0.4518,0.8798,True,0.1804,0.1932,20,0,False,0.8086,0.0882,0.0967,True,True,False,False,False,0.486,0.27
Static-tau,shock,42,369,900042,True,competitive,0.3686,1,typhoon_hurricane,Kaohsiung,Los Angeles,0,0,True,0.635,0.8837,0.4518,0.8798,True,0.1804,0.1932,120,14,True,0.8086,0.5292,0.5804,False,False,False,False,False,0.5898,0.4905
Dyn-BATNA,shock,42,370,900042,True,competitive,0.3686,1,typhoon_hurricane,Kaohsiung,Los Angeles,0,0,True,0.6291,0.7715,0.2923,0.7637,True,0.1804,0.1932,100,0,False,0.8086,0.441,0.4837,False,False,True,False,False,0.6063,0.6024
Dyn-tau-nohedge,shock,42,371,900042,True,competitive,0.3686,1,typhoon_hurricane,Kaohsiung,Los Angeles,0,0,True,0.6296,0.7711,0.2917,0.7632,True,0.1804,0.1932,120,14,True,0.8086,0.5292,0.5804,False,False,False,False,False,0.5335,0.5296
Surplus,shock,43,372,900043,True,competitive,0.3823,1,port_congestion,Manzanillo,Los Angeles,0,5,True,0.6404,0.9638,0.4892,0.9637,True,0.1722,0.1741,80,0,False,0.7827,0.1924,0.2021,False,True,True,False,False,0.5781,0.3408
Static-tau,shock,43,373,900043,True,competitive,0.3823,1,port_congestion,Manzanillo,Los Angeles,0,5,True,0.635,0.9638,0.4892,0.9637,True,0.1722,0.1741,100,12,True,0.7827,0.4417,0.464,False,False,False,False,False,0.5828,0.4655
Dyn-BATNA,shock,43,374,900043,True,competitive,0.3823,1,port_congestion,Manzanillo,Los Angeles,0,5,True,0.6291,0.8268,0.2896,0.8259,True,0.1722,0.1741,80,0,False,0.7827,0.1924,0.2021,False,True,True,False,False,0.5096,0.5091
Dyn-tau-nohedge,shock,43,375,900043,True,competitive,0.3823,1,port_congestion,Manzanillo,Los Angeles,0,5,True,0.6296,0.8263,0.2889,0.8254,True,0.1722,0.1741,80,0,False,0.7827,0.1924,0.2021,False,True,True,False,False,0.5093,0.5089
Surplus,shock,44,376,900044,True,cooperative,0.37,4,labor_strike,Busan,Oakland,0,0,True,0.6404,0.9282,0.2958,0.9296,True,0.208,0.2028,120,26,True,0.73,0.793,0.9123,False,False,False,False,False,0.6439,0.5444
Static-tau,shock,44,377,900044,True,cooperative,0.37,4,labor_strike,Busan,Oakland,0,0,True,0.635,0.9282,0.2958,0.9296,True,0.208,0.2028,120,26,True,0.73,0.793,0.9123,False,False,False,False,False,0.6439,0.5444
Dyn-BATNA,shock,44,378,900044,True,cooperative,0.37,4,labor_strike,Busan,Oakland,0,0,True,0.6291,0.9282,0.2958,0.9296,True,0.208,0.2028,80,0,False,0.73,0.2615,0.3009,False,True,True,False,False,0.5948,0.5955
Dyn-tau-nohedge,shock,44,379,900044,True,cooperative,0.37,4,labor_strike,Busan,Oakland,0,0,True,0.6296,0.9282,0.2958,0.9296,True,0.208,0.2028,120,26,True,0.73,0.793,0.9123,False,False,False,False,False,0.6439,0.6446
Surplus,shock,45,380,900045,True,cooperative,0.3181,1,earthquake,Kaohsiung,Los Angeles,0,0,True,0.6404,0.8238,0.0588,0.8263,True,0.2104,0.207,120,19,True,0.8114,0.7847,0.8228,False,False,False,False,False,0.6459,0.4217
Static-tau,shock,45,381,900045,True,cooperative,0.3181,1,earthquake,Kaohsiung,Los Angeles,0,0,True,0.635,0.8238,0.0588,0.8263,True,0.2104,0.207,120,19,True,0.8114,0.7847,0.8228,False,False,False,False,False,0.6459,0.4217
Dyn-BATNA,shock,45,382,900045,True,cooperative,0.3181,1,earthquake,Kaohsiung,Los Angeles,0,0,True,0.6291,0.8238,0.0588,0.8263,True,0.2104,0.207,100,0,False,0.8114,0.2314,0.2427,False,True,True,False,False,0.5276,0.5289
Dyn-tau-nohedge,shock,45,383,900045,True,cooperative,0.3181,1,earthquake,Kaohsiung,Los Angeles,0,0,True,0.6296,0.8238,0.0588,0.8263,True,0.2104,0.207,120,19,True,0.8114,0.7847,0.8228,False,False,False,False,False,0.6459,0.6472
Surplus,shock,46,384,900046,True,competitive,0.4409,1,labor_strike,Busan,Los Angeles,0,0,True,0.6404,0.9203,0.3083,0.9273,True,0.1373,0.102,20,0,False,0.8756,0.0543,0.0574,True,True,False,False,False,0.4873,0.1813
Static-tau,shock,46,385,900046,True,competitive,0.4409,1,labor_strike,Busan,Los Angeles,0,0,True,0.635,0.9203,0.3083,0.9273,True,0.1373,0.102,120,5,True,0.8756,0.425,0.4495,False,False,False,False,False,0.631,0.3667
Dyn-BATNA,shock,46,386,900046,True,competitive,0.4409,1,labor_strike,Busan,Los Angeles,0,0,True,0.6291,0.8376,0.1811,0.8519,True,0.1373,0.102,20,0,False,0.8756,0.451,0.4769,False,False,False,False,False,0.6443,0.6515
Dyn-tau-nohedge,shock,46,387,900046,True,competitive,0.4409,1,labor_strike,Busan,Los Angeles,0,0,True,0.6296,0.8371,0.1803,0.8515,True,0.1373,0.102,20,0,False,0.8756,0.451,0.4769,False,False,False,False,False,0.6441,0.6512
Surplus,shock,47,388,900047,True,cooperative,0.8615,2,canal_blockage,Shanghai,Oakland,0,0,False,0.6404,,,,True,0.05,0.05,20,0,False,0.4497,0.0855,0.1494,False,True,True,False,False,0.0428,0.0428
Static-tau,shock,47,389,900047,True,cooperative,0.8615,2,canal_blockage,Shanghai,Oakland,0,0,False,0.635,,,,False,0.05,0.05,0,0,False,0.4497,,,False,False,,True,True,0.025,0.0
Dyn-BATNA,shock,47,390,900047,True,cooperative,0.8615,2,canal_blockage,Shanghai,Oakland,0,0,True,0.6291,0.7825,-1.0,0.7711,True,0.05,0.05,60,0,False,0.4497,0.2565,0.345,False,True,True,False,False,0.5195,0.5138
Dyn-tau-nohedge,shock,47,391,900047,True,cooperative,0.8615,2,canal_blockage,Shanghai,Oakland,0,0,True,0.6296,0.7825,-1.0,0.7711,True,0.05,0.05,120,52,True,0.4497,0.7979,1.0732,False,False,False,False,False,0.3569,0.3512
Surplus,shock,48,392,900048,True,competitive,0.278,1,geopolitical_sanction,Ho Chi Minh City,Oakland,0,0,True,0.6404,0.8316,0.1088,0.8166,True,0.2344,0.2523,20,0,False,0.7308,0.0862,0.1041,True,True,False,False,False,0.4589,0.0975
Static-tau,shock,48,393,900048,True,competitive,0.278,1,geopolitical_sanction,Ho Chi Minh City,Oakland,0,0,True,0.635,0.8316,0.1088,0.8166,True,0.2344,0.2523,120,23,True,0.7308,0.517,0.6246,False,False,False,False,False,0.4826,0.3129
Dyn-BATNA,shock,48,394,900048,True,competitive,0.278,1,geopolitical_sanction,Ho Chi Minh City,Oakland,0,0,True,0.6291,0.8316,0.1088,0.8166,True,0.2344,0.2523,100,3,True,0.7308,0.4308,0.5205,False,False,False,False,False,0.6012,0.5937
Dyn-tau-nohedge,shock,48,395,900048,True,competitive,0.278,1,geopolitical_sanction,Ho Chi Minh City,Oakland,0,0,True,0.6296,0.8316,0.1088,0.8166,True,0.2344,0.2523,120,23,True,0.7308,0.517,0.6246,False,False,False,False,False,0.4826,0.4751
Surplus,shock,49,396,900049,True,cooperative,0.7221,1,geopolitical_sanction,Busan,Oakland,0,6,False,0.6404,,,,False,0.05,0.05,0,0,False,0.496,,,False,False,,True,True,0.025,0.0
Static-tau,shock,49,397,900049,True,cooperative,0.7221,1,geopolitical_sanction,Busan,Oakland,0,6,False,0.635,,,,False,0.05,0.05,0,0,False,0.496,,,False,False,,True,True,0.025,0.0
Dyn-BATNA,shock,49,398,900049,True,cooperative,0.7221,1,geopolitical_sanction,Busan,Oakland,0,5,True,0.6291,0.9007,-0.2227,0.8914,True,0.05,0.05,60,0,False,0.496,0.1196,0.1299,False,True,True,False,False,0.5101,0.5055
Dyn-tau-nohedge,shock,49,399,900049,True,cooperative,0.7221,1,geopolitical_sanction,Busan,Oakland,0,5,True,0.6296,0.9007,-0.2227,0.8914,True,0.05,0.05,100,40,True,0.496,0.1993,0.2165,False,True,False,False,False,0.15,0.1453
