agent,cem_seed,iteration,val_reward,val_net_value,a_u,beta_u,a_d,beta_d
Surplus,0,0,0.3481,0.4502,0.65,2.1,0.7,2.1
Surplus,0,1,0.3632,0.4637,0.6778,2.635,0.7498,2.5927
Surplus,0,2,0.3744,0.469,0.6283,2.5221,0.7828,3.248
Surplus,0,3,0.3894,0.4777,0.6225,2.9995,0.8553,3.5207
Surplus,0,4,0.3899,0.478,0.621,3.3034,0.8585,3.5617
Surplus,0,5,0.3931,0.4813,0.6298,3.3074,0.8831,3.6609
Surplus,0,6,0.3981,0.4855,0.643,3.5032,0.9332,3.5813
Surplus,0,7,0.3985,0.4859,0.6387,3.4926,0.9675,3.7146
Surplus,0,8,0.4002,0.4875,0.6443,3.5466,0.9518,3.6683
Surplus,0,9,0.4,0.4892,0.6535,3.5719,0.9325,3.7893
Surplus,0,10,0.4029,0.4901,0.6343,3.7321,0.9569,3.8683
Surplus,0,11,0.4083,0.4946,0.6288,3.7856,0.9775,3.9131
Surplus,0,12,0.4033,0.488,0.6156,3.9381,0.9628,3.7995
Surplus,0,13,0.407,0.4942,0.6294,3.9125,0.9629,3.7747
Surplus,0,14,0.4022,0.4913,0.6546,3.9394,0.9604,3.8714
Surplus,0,15,0.4054,0.4926,0.6404,3.9709,0.9604,3.8757
Surplus,1,0,0.3369,0.4445,0.65,2.1,0.7,2.1
Surplus,1,1,0.3489,0.4562,0.6654,2.3069,0.7124,2.5949
Surplus,1,2,0.3597,0.4583,0.6294,2.5456,0.7625,3.0446
Surplus,1,3,0.3738,0.4666,0.6324,2.6761,0.8334,3.4643
Surplus,1,4,0.3772,0.4698,0.6406,2.9003,0.8663,3.5188
Surplus,1,5,0.3715,0.4693,0.6704,2.6621,0.9063,3.5688
Surplus,1,6,0.379,0.4759,0.6643,2.6845,0.9691,3.5214
Surplus,1,7,0.376,0.4735,0.6969,2.6933,0.9764,3.6963
Surplus,1,8,0.379,0.476,0.6677,2.6837,0.9702,3.826
Surplus,1,9,0.3807,0.4762,0.6527,2.8435,0.9774,3.9272
Surplus,1,10,0.3855,0.4783,0.6437,2.9066,0.9836,3.8381
Surplus,1,11,0.3859,0.4757,0.6362,3.1437,0.9838,3.7306
Surplus,1,12,0.3818,0.4783,0.6805,3.1984,0.9545,3.7202
Surplus,1,13,0.3923,0.4808,0.6291,3.3694,0.9482,3.761
Surplus,1,14,0.3848,0.4812,0.6686,3.2066,0.9594,3.9086
Surplus,1,15,0.3908,0.4807,0.6427,3.504,0.9489,3.8923
Surplus,2,0,0.3387,0.4516,0.65,2.1,0.7,2.1
Surplus,2,1,0.3626,0.4702,0.6529,2.6999,0.7588,2.8624
Surplus,2,2,0.3689,0.4758,0.6707,3.3322,0.753,3.0787
Surplus,2,3,0.3761,0.4776,0.6415,3.4219,0.829,3.2574
Surplus,2,4,0.3837,0.4857,0.6492,3.7026,0.8894,3.2713
Surplus,2,5,0.3892,0.4798,0.6147,3.6916,0.9304,3.738
Surplus,2,6,0.3908,0.4848,0.6262,3.9414,0.9168,3.6989
Surplus,2,7,0.3861,0.4881,0.6547,3.9315,0.9082,3.6424
Surplus,2,8,0.3926,0.494,0.6625,3.8059,0.9499,3.777
Surplus,2,9,0.3926,0.4941,0.6657,3.7346,0.936,3.7292
Surplus,2,10,0.3901,0.4841,0.6227,3.8223,0.921,3.7409
Surplus,2,11,0.3917,0.4837,0.6204,3.9547,0.9185,3.6585
Surplus,2,12,0.388,0.485,0.6425,3.9595,0.9509,3.4893
Surplus,2,13,0.3934,0.4947,0.6589,3.9668,0.9574,3.6285
Surplus,2,14,0.3895,0.4916,0.6784,3.8682,0.9401,3.4866
Surplus,2,15,0.3885,0.4916,0.666,3.9025,0.9347,3.4905
Static-tau,0,0,0.4376,0.5281,0.65,2.1,0.7,2.1
Static-tau,0,1,0.4505,0.5402,0.6533,2.4671,0.7498,2.587
Static-tau,0,2,0.4594,0.5443,0.6294,2.8598,0.7571,2.3095
Static-tau,0,3,0.4677,0.5504,0.6118,3.5377,0.8073,2.8044
Static-tau,0,4,0.4711,0.5538,0.6125,3.7392,0.8286,2.7594
Static-tau,0,5,0.4813,0.5648,0.6265,3.8286,0.8051,3.0315
Static-tau,0,6,0.481,0.5629,0.642,3.9002,0.8752,2.9202
Static-tau,0,7,0.4763,0.5574,0.6199,3.9075,0.837,2.8368
Static-tau,0,8,0.4791,0.5626,0.6417,3.9349,0.7975,3.0862
Static-tau,0,9,0.4808,0.5643,0.6375,3.9365,0.8346,3.0222
Static-tau,0,10,0.4818,0.5637,0.6395,3.8991,0.9025,3.0406
Static-tau,0,11,0.4856,0.5634,0.6338,3.949,0.9464,3.1154
Static-tau,0,12,0.4839,0.5618,0.639,3.9494,0.9471,2.9567
Static-tau,0,13,0.4843,0.5621,0.6213,3.8916,0.9453,3.0561
Static-tau,0,14,0.4849,0.5622,0.6404,3.9425,0.9467,3.4441
Static-tau,0,15,0.4862,0.5635,0.635,3.9364,0.9376,3.453
Static-tau,1,0,0.4289,0.5169,0.65,2.1,0.7,2.1
Static-tau,1,1,0.4416,0.5287,0.6542,2.6142,0.7238,2.0284
Static-tau,1,2,0.4461,0.5282,0.6103,3.0749,0.7379,2.0536
Static-tau,1,3,0.4548,0.5343,0.6225,3.3262,0.8039,3.026
Static-tau,1,4,0.4583,0.5377,0.6379,3.5476,0.8273,2.7135
Static-tau,1,5,0.4639,0.5493,0.6743,3.6498,0.8597,3.0053
Static-tau,1,6,0.4687,0.5531,0.6604,3.7249,0.9027,3.03
Static-tau,1,7,0.4672,0.5489,0.6435,3.8466,0.8698,3.259
Static-tau,1,8,0.4672,0.544,0.6321,3.7935,0.8903,3.32
Static-tau,1,9,0.4675,0.5467,0.6491,3.8143,0.9071,3.3554
Static-tau,1,10,0.4687,0.5478,0.646,3.9022,0.8969,3.6004
Static-tau,1,11,0.4697,0.5483,0.6456,3.9241,0.9183,3.7849
Static-tau,1,12,0.4688,0.548,0.6484,3.8841,0.8719,3.74
Static-tau,1,13,0.4708,0.5476,0.6256,3.91,0.8771,3.8084
Static-tau,1,14,0.4704,0.5461,0.6227,3.9205,0.9204,3.7828
Static-tau,1,15,0.4689,0.5452,0.6249,3.9173,0.9249,3.3853
Static-tau,2,0,0.4292,0.5221,0.65,2.1,0.7,2.1
Static-tau,2,1,0.4432,0.5282,0.6067,2.8608,0.6332,2.4385
Static-tau,2,2,0.4439,0.5365,0.6689,3.1036,0.6411,2.4791
Static-tau,2,3,0.4574,0.5478,0.658,3.3333,0.7314,2.6726
Static-tau,2,4,0.4642,0.5538,0.6523,3.7661,0.8229,2.9733
Static-tau,2,5,0.4671,0.5514,0.6344,3.8225,0.833,3.4731
Static-tau,2,6,0.4694,0.5533,0.6216,3.9934,0.8029,3.4584
Static-tau,2,7,0.4677,0.5572,0.6535,3.9811,0.7935,3.484
Static-tau,2,8,0.4695,0.5561,0.6441,3.9592,0.8175,3.5737
Static-tau,2,9,0.4672,0.5515,0.6419,3.957,0.8192,3.5241
Static-tau,2,10,0.4691,0.553,0.622,3.9739,0.8046,3.5114
Static-tau,2,11,0.4695,0.5523,0.6298,3.9869,0.8488,3.7229
Static-tau,2,12,0.4691,0.5542,0.6472,3.946,0.8661,3.6858
Static-tau,2,13,0.4693,0.5521,0.6339,3.9614,0.8587,3.6687
Static-tau,2,14,0.4704,0.5582,0.6624,3.9058,0.892,3.7071
Static-tau,2,15,0.468,0.5508,0.6354,3.9188,0.8993,3.7034
Dyn-BATNA,0,0,0.5233,0.5368,0.65,2.1,0.7,2.1
Dyn-BATNA,0,1,0.5295,0.5429,0.685,2.4563,0.7503,2.18
Dyn-BATNA,0,2,0.5548,0.5703,0.6095,3.269,0.7447,1.708
Dyn-BATNA,0,3,0.5665,0.5821,0.617,3.7796,0.7804,1.9855
Dyn-BATNA,0,4,0.5734,0.5874,0.6322,3.9535,0.7774,1.9706
Dyn-BATNA,0,5,0.5688,0.5828,0.6455,3.9505,0.8076,2.0814
Dyn-BATNA,0,6,0.5812,0.5943,0.6534,3.9079,0.8225,2.2208
Dyn-BATNA,0,7,0.5824,0.5956,0.6649,3.8871,0.8557,2.5516
Dyn-BATNA,0,8,0.5711,0.5851,0.6443,3.8691,0.851,2.5171
Dyn-BATNA,0,9,0.5779,0.5911,0.659,3.8636,0.7902,2.3931
Dyn-BATNA,0,10,0.5724,0.5865,0.6365,3.9322,0.7627,2.4443
Dyn-BATNA,0,11,0.5742,0.5883,0.6363,3.9079,0.8044,2.441
Dyn-BATNA,0,12,0.5724,0.5865,0.6435,3.9542,0.8174,2.5962
Dyn-BATNA,0,13,0.5739,0.588,0.6228,3.9585,0.7564,2.5355
Dyn-BATNA,0,14,0.572,0.586,0.6465,3.9644,0.815,2.7539
Dyn-BATNA,0,15,0.5779,0.592,0.6291,3.987,0.7851,2.7428
Dyn-BATNA,1,0,0.5136,0.5254,0.65,2.1,0.7,2.1
Dyn-BATNA,1,1,0.5254,0.537,0.6907,2.7519,0.7084,2.2133
Dyn-BATNA,1,2,0.5535,0.5647,0.6487,3.0205,0.7698,2.6946
Dyn-BATNA,1,3,0.5673,0.5783,0.666,3.5132,0.7845,3.212
Dyn-BATNA,1,4,0.5657,0.5767,0.6791,3.7766,0.7891,2.8751
Dyn-BATNA,1,5,0.5708,0.5817,0.6762,3.8789,0.7999,2.8366
Dyn-BATNA,1,6,0.5752,0.5861,0.6595,3.8573,0.7936,2.579
Dyn-BATNA,1,7,0.5617,0.5738,0.6468,3.9009,0.7719,2.9236
Dyn-BATNA,1,8,0.5624,0.5753,0.6315,3.9147,0.8009,3.0405
Dyn-BATNA,1,9,0.5742,0.585,0.6506,3.9546,0.7529,2.8027
Dyn-BATNA,1,10,0.5623,0.5744,0.6407,3.8983,0.7469,2.5087
Dyn-BATNA,1,11,0.5764,0.5872,0.6562,3.917,0.7626,3.0287
Dyn-BATNA,1,12,0.5665,0.5778,0.648,3.951,0.7455,3.0026
Dyn-BATNA,1,13,0.5637,0.5758,0.6423,3.9443,0.7515,3.1081
Dyn-BATNA,1,14,0.5633,0.5754,0.6388,3.9146,0.7675,2.9424
Dyn-BATNA,1,15,0.5639,0.5768,0.6291,3.9895,0.7658,2.7283
Dyn-BATNA,2,0,0.5091,0.5171,0.65,2.1,0.7,2.1
Dyn-BATNA,2,1,0.542,0.5496,0.6411,2.9195,0.6864,2.5027
Dyn-BATNA,2,2,0.5425,0.5501,0.6715,3.3185,0.6356,2.7912
Dyn-BATNA,2,3,0.5539,0.5614,0.6639,3.4924,0.6625,2.9847
Dyn-BATNA,2,4,0.5667,0.5741,0.6574,3.863,0.7403,2.8738
Dyn-BATNA,2,5,0.567,0.5744,0.6745,3.8692,0.785,3.4196
Dyn-BATNA,2,6,0.564,0.5715,0.6876,3.9184,0.8126,2.9342
Dyn-BATNA,2,7,0.5682,0.5757,0.6803,3.9339,0.8183,3.3184
Dyn-BATNA,2,8,0.5702,0.5776,0.6693,3.9281,0.8054,3.1224
Dyn-BATNA,2,9,0.5667,0.5749,0.6405,3.9268,0.7988,3.0805
Dyn-BATNA,2,10,0.5671,0.5761,0.6274,3.9253,0.8036,3.0847
Dyn-BATNA,2,11,0.5666,0.5756,0.6274,3.9736,0.7923,2.7648
Dyn-BATNA,2,12,0.5729,0.5802,0.6497,3.9458,0.8443,2.4865
Dyn-BATNA,2,13,0.5722,0.5795,0.6573,3.9553,0.8525,2.8097
Dyn-BATNA,2,14,0.5714,0.5788,0.655,3.8746,0.8918,2.7086
Dyn-BATNA,2,15,0.5746,0.5819,0.6493,3.966,0.865,2.5736
Dyn-tau-nohedge,0,0,0.5032,0.512,0.65,2.1,0.7,2.1
Dyn-tau-nohedge,0,1,0.5115,0.5203,0.685,2.4563,0.7503,2.18
Dyn-tau-nohedge,0,2,0.5375,0.5492,0.6053,3.159,0.78,1.9875
Dyn-tau-nohedge,0,3,0.5522,0.5648,0.6072,3.7993,0.8013,2.2389
Dyn-tau-nohedge,0,4,0.5532,0.5657,0.6121,3.9275,0.8271,2.0959
Dyn-tau-nohedge,0,5,0.5614,0.5707,0.635,3.9569,0.7849,2.3321
Dyn-tau-nohedge,0,6,0.5604,0.5698,0.646,3.9228,0.8874,2.3543
Dyn-tau-nohedge,0,7,0.5786,0.5871,0.6575,3.9454,0.9524,2.6444
Dyn-tau-nohedge,0,8,0.5754,0.5839,0.6494,3.9201,0.9378,2.6529
Dyn-tau-nohedge,0,9,0.5719,0.5803,0.6661,3.9159,0.8905,2.3359
Dyn-tau-nohedge,0,10,0.5632,0.5726,0.6397,3.9712,0.8601,2.4377
Dyn-tau-nohedge,0,11,0.5665,0.5759,0.6307,3.9613,0.8758,2.464
Dyn-tau-nohedge,0,12,0.5623,0.5716,0.647,3.9351,0.9111,2.5212
Dyn-tau-nohedge,0,13,0.5675,0.5769,0.627,3.9606,0.8734,2.3954
Dyn-tau-nohedge,0,14,0.5754,0.5839,0.6611,3.9656,0.8691,2.6692
Dyn-tau-nohedge,0,15,0.5678,0.5772,0.6296,3.9872,0.869,2.586
Dyn-tau-nohedge,1,0,0.4984,0.5073,0.65,2.1,0.7,2.1
Dyn-tau-nohedge,1,1,0.5122,0.5209,0.6907,2.7519,0.7084,2.2133
Dyn-tau-nohedge,1,2,0.5455,0.5537,0.6431,3.2128,0.7195,2.3147
Dyn-tau-nohedge,1,3,0.5559,0.564,0.6494,3.4868,0.7436,3.1002
Dyn-tau-nohedge,1,4,0.5478,0.5571,0.6425,3.7301,0.7519,2.7342
Dyn-tau-nohedge,1,5,0.5653,0.5733,0.6659,3.787,0.8431,3.2418
Dyn-tau-nohedge,1,6,0.5665,0.5745,0.6651,3.847,0.8763,3.1357
Dyn-tau-nohedge,1,7,0.5717,0.5797,0.6501,3.8429,0.8734,3.3269
Dyn-tau-nohedge,1,8,0.5562,0.5662,0.6328,3.8645,0.9065,3.4376
Dyn-tau-nohedge,1,9,0.5579,0.5672,0.6469,3.8871,0.9028,3.5719
Dyn-tau-nohedge,1,10,0.5584,0.5676,0.6422,3.8724,0.9149,3.6196
Dyn-tau-nohedge,1,11,0.5729,0.5809,0.6571,3.917,0.9266,3.7629
Dyn-tau-nohedge,1,12,0.5631,0.5715,0.6484,3.9513,0.9073,3.7157
Dyn-tau-nohedge,1,13,0.5594,0.5687,0.6467,3.9458,0.9152,3.7993
Dyn-tau-nohedge,1,14,0.5612,0.5704,0.6383,3.9625,0.9279,3.8246
Dyn-tau-nohedge,1,15,0.5599,0.5692,0.6392,3.9854,0.8787,3.6967
Dyn-tau-nohedge,2,0,0.4891,0.495,0.65,2.1,0.7,2.1
Dyn-tau-nohedge,2,1,0.5335,0.539,0.6364,2.9994,0.6337,2.5303
Dyn-tau-nohedge,2,2,0.5375,0.5431,0.6682,3.2886,0.6411,3.01
Dyn-tau-nohedge,2,3,0.5521,0.5575,0.6655,3.6437,0.6761,3.1335
Dyn-tau-nohedge,2,4,0.5625,0.5678,0.6504,3.9417,0.7093,3.1253
Dyn-tau-nohedge,2,5,0.5597,0.565,0.6676,3.9475,0.7009,3.4527
Dyn-tau-nohedge,2,6,0.5545,0.5599,0.6928,3.9857,0.7221,3.2754
Dyn-tau-nohedge,2,7,0.5616,0.5669,0.6763,3.9464,0.7515,3.3449
Dyn-tau-nohedge,2,8,0.5635,0.5688,0.6658,3.9475,0.7662,3.1825
Dyn-tau-nohedge,2,9,0.5658,0.5711,0.6571,3.9369,0.7535,3.3686
Dyn-tau-nohedge,2,10,0.5571,0.5641,0.625,3.9251,0.7531,3.2964
Dyn-tau-nohedge,2,11,0.557,0.5639,0.6286,3.9728,0.7227,3.1611
Dyn-tau-nohedge,2,12,0.557,0.5632,0.6474,3.958,0.7589,2.9487
Dyn-tau-nohedge,2,13,0.5636,0.5688,0.6579,3.9615,0.7681,3.032
Dyn-tau-nohedge,2,14,0.5653,0.5706,0.6513,3.958,0.7675,3.0075
Dyn-tau-nohedge,2,15,0.5614,0.5684,0.6305,3.9453,0.793,3.1898
